category,score,course,teacher,college,avg_gpa,sample_count,teacher_score,rating_count,checkin_ratio,relevance,risk,course_easy,course_hard,url
软件相关,87.2,数学软件,王何宇,数学科学学院,4.71,500,9.91,157,6.4,强相关,0,3.5,1.2,https://chalaoshi.de/t/2167/
软件相关,82.4,自然语言处理导论,汤斯亮,计算机科学与技术学院,4.68,447,9.34,46,37.0,强相关,0,0.0,0.0,https://chalaoshi.de/t/3462/
软件相关,79.9,B/S体系软件设计,胡晓军,计算机科学与技术学院,4.55,500,9.81,73,6.8,强相关,0,0.0,0.0,https://chalaoshi.de/t/1453/
软件相关,76.7,自然语言处理导论,汤斯亮,信息科学与工程学院,4.68,447,,0,,强相关,0,0.0,0.0,https://chalaoshi.de/t/4094/
软件相关,72.7,人工智能,吴飞,计算机科学与技术学院,4.3,341,9.49,55,30.9,强相关,0,8.5,0.0,https://chalaoshi.de/t/1877/
软件相关,72.5,课程综合实践Ⅱ,袁昕,计算机科学与技术学院,4.67,162,8.15,11,9.1,相关,1,2.0,0.0,https://chalaoshi.de/t/5302/
软件相关,72.1,软件安全原理和实践,周亚金,计算机科学与技术学院,4.7,120,8.85,34,20.6,强相关,1,0.0,0.0,https://chalaoshi.de/t/5580/
软件相关,71.5,课程综合实践Ⅰ,肖俊,计算机科学与技术学院,4.64,216,9.82,79,32.9,相关,1,0.0,0.0,https://chalaoshi.de/t/1763/
软件相关,71.4,程序设计与算法基础,应晶,城市学院,4.46,149,9.88,120,19.2,强相关,0,0.0,0.0,https://chalaoshi.de/t/2544/
软件相关,71.3,ROS与机器人仿真软件,高飞,信息与电子工程学院,4.52,100,9.02,13,0.0,强相关,0,0.0,0.0,https://chalaoshi.de/t/5512/
软件相关,71.2,人工智能前沿,吴飞,计算机科学与技术学院,4.6,86,9.49,55,30.9,强相关,0,0.0,0.0,https://chalaoshi.de/t/1877/
软件相关,71.1,大规模信息系统开发试验,袁昕,计算机科学与技术学院,4.76,121,8.15,11,9.1,相关,1,0.0,0.0,https://chalaoshi.de/t/5302/
软件相关,71.1,软件安全,周亚金,计算机科学与技术学院,4.68,72,8.85,34,20.6,强相关,0,0.0,0.0,https://chalaoshi.de/t/5580/
软件相关,71.1,计算机科学思想史,霍宇驰,计算机科学与技术学院,4.53,406,9.24,15,20.0,相关,0,0.0,0.0,https://chalaoshi.de/t/6945/
软件相关,71.0,工程伦理导论(B),王淼,人文学院,4.46,255,9.19,135,80.7,相关,0,24.5,5.6,https://chalaoshi.de/t/4245/
软件相关,70.8,程序设计与算法基础,应晶,计算机科学与技术学院,4.46,149,9.69,44,22.7,强相关,0,0.0,0.0,https://chalaoshi.de/t/5102/
软件相关,70.2,量子算法,武俊德,数学科学学院,4.67,379,8.49,30,56.7,强相关,3,2.0,0.0,https://chalaoshi.de/t/3140/
软件相关,70.2,面向对象程序设计,陈翔,计算机科学与技术学院,4.3,493,9.76,58,19.0,强相关,0,0.0,0.0,https://chalaoshi.de/t/4615/
软件相关,69.5,数据挖掘导论,李石坚,计算机科学与技术学院,4.35,209,5.41,28,3.6,强相关,0,0.0,0.0,https://chalaoshi.de/t/1816/
软件相关,69.3,智能制造与企业自动化,赵均,控制科学与工程学院,4.34,301,8.39,39,12.8,相关,0,5.0,1.2,https://chalaoshi.de/t/517/
软件相关,68.9,数据可视化导论,巫英才,计算机科学与技术学院,4.52,256,7.72,27,66.7,相关,0,2.0,0.0,https://chalaoshi.de/t/5173/
软件相关,68.8,人工智能前沿,吴飞,传媒与国际文化学院,4.6,86,7.37,48,22.9,强相关,0,0.0,0.0,https://chalaoshi.de/t/5016/
软件相关,68.7,计算程序设计训练,陈建军,公共管理学院,4.53,115,8.69,183,22.4,强相关,1,0.0,0.0,https://chalaoshi.de/t/529/
软件相关,68.3,人工智能实践,杨洋,求是学院,4.83,55,9.79,67,53.7,强相关,1,0.0,0.0,https://chalaoshi.de/t/4782/
软件相关,68.3,脑启发人工智能导论,祁玉,计算机科学与技术学院,4.55,63,8.69,11,36.4,强相关,0,0.0,0.0,https://chalaoshi.de/t/5999/
软件相关,68.3,数据可视化导论,陈为,计算机科学与技术学院,4.52,256,4.76,42,28.6,相关,0,0.0,0.0,https://chalaoshi.de/t/3375/
软件相关,68.1,软件安全原理和实践,吴磊,地球科学学院,4.7,120,5.41,16,43.8,强相关,1,0.0,0.0,https://chalaoshi.de/t/3494/
软件相关,68.1,医药人工智能,周展,药学院,4.53,135,9.23,18,50.0,强相关,0,0.0,0.0,https://chalaoshi.de/t/4309/
软件相关,67.6,人工智能引论,黄正行,生物医学工程与仪器科学学院,4.25,58,9.38,38,15.8,强相关,0,16.0,3.4,https://chalaoshi.de/t/3761/
软件相关,67.4,工程实践,韩劲松,计算机科学与技术学院,4.82,78,7.72,17,23.5,相关,1,0.0,0.0,https://chalaoshi.de/t/5591/
软件相关,67.1,软件安全,吴磊,地球科学学院,4.68,72,5.41,16,43.8,强相关,0,0.0,0.0,https://chalaoshi.de/t/3494/
软件相关,66.9,计算机科学思想史,汤斯亮,计算机科学与技术学院,4.4,500,9.34,46,37.0,相关,0,0.0,0.0,https://chalaoshi.de/t/3462/
软件相关,66.9,人工智能,况琨,计算机科学与技术学院,4.24,136,9.39,20,20.0,强相关,0,3.0,0.0,https://chalaoshi.de/t/6663/
软件相关,66.6,程序设计与算法基础,翁恺,计算机科学与技术学院,4.25,355,8.92,532,34.0,强相关,0,1.5,0.0,https://chalaoshi.de/t/936/
软件相关,66.5,网络安全原理与实践,卜凯,计算机科学与技术学院,4.44,156,9.89,130,33.1,强相关,1,0.0,0.0,https://chalaoshi.de/t/755/
软件相关,66.4,计算机系统Ⅱ,申文博,计算机科学与技术学院,4.51,77,9.45,56,33.9,强相关,0,0.0,0.0,https://chalaoshi.de/t/5929/
软件相关,66.4,软件技术基础,刘兴高,控制科学与工程学院,4.34,207,9.69,54,31.5,强相关,0,0.0,0.0,https://chalaoshi.de/t/3165/
软件相关,66.3,智能控制系统设计与实践,姚维,电气工程学院,4.76,68,9.04,36,22.2,相关,1,0.0,0.0,https://chalaoshi.de/t/1793/
软件相关,66.1,经济统计软件及应用,朱燕建,经济学院,4.25,273,9.88,123,22.0,强相关,0,0.0,0.0,https://chalaoshi.de/t/1032/
软件相关,65.9,空中机器人,高飞,信息与电子工程学院,4.33,331,9.02,13,0.0,相关,0,0.0,0.0,https://chalaoshi.de/t/5512/
软件相关,65.9,面向对象程序设计,翁恺,计算机科学与技术学院,4.27,493,8.92,532,34.0,强相关,0,0.0,0.0,https://chalaoshi.de/t/936/
软件相关,65.8,程序设计方法学,翁恺,计算机科学与技术学院,4.26,138,8.92,532,34.0,强相关,0,4.0,1.2,https://chalaoshi.de/t/936/
软件相关,65.7,工程实践,邢卫,计算机科学与技术学院,4.75,500,2.27,69,59.4,相关,1,0.0,0.0,https://chalaoshi.de/t/1676/
软件相关,65.5,认识实习,胡兰青,计算机科学与技术学院,4.52,231,8.39,356,11.5,相关,2,0.0,0.0,https://chalaoshi.de/t/1161/
软件相关,65.4,面向公共管理的数据分析和建模方法,吴超,公共管理学院,4.36,348,7.86,15,13.3,相关,0,0.0,0.0,https://chalaoshi.de/t/5549/
软件相关,65.4,人工智能,吴飞,传媒与国际文化学院,4.3,341,7.37,48,22.9,强相关,0,0.0,0.0,https://chalaoshi.de/t/5016/
软件相关,65.3,课程综合实践Ⅱ,宋宏伟,计算机科学与技术学院,4.9,83,,0,,相关,1,0.0,0.0,https://chalaoshi.de/t/1251/
软件相关,65.3,空中机器人,任沁源,控制科学与工程学院,4.33,331,9.54,28,14.3,相关,0,0.0,0.0,https://chalaoshi.de/t/5157/
软件相关,65.3,数据结构基础,陈翔,计算机科学与技术学院,4.15,446,9.76,58,19.0,强相关,0,0.0,0.0,https://chalaoshi.de/t/4615/
软件相关,65.2,大数据如何改变世界,赵春晖,控制科学与工程学院,4.53,176,6.65,76,63.2,相关,0,6.5,3.4,https://chalaoshi.de/t/3984/
软件相关,65.1,工程伦理导论(B),王淼,物理学系,4.46,255,9.78,148,73.6,相关,0,7.5,7.8,https://chalaoshi.de/t/845/
软件相关,65.0,医药人工智能,朱峰,药学院,4.53,135,,0,,强相关,0,0.0,0.0,https://chalaoshi.de/t/5235/
软件相关,64.8,大数据分析,潘有能,公共管理学院,4.43,208,9.19,16,56.2,相关,0,2.0,0.0,https://chalaoshi.de/t/3578/
软件相关,64.6,基于人工智能的国画传承与创新,陈为,计算机科学与技术学院,4.43,45,4.76,42,28.6,强相关,0,6.0,0.0,https://chalaoshi.de/t/3375/
软件相关,64.6,面向对象程序设计,陈翔,建筑工程学院,4.3,493,4.13,21,23.8,强相关,0,0.0,0.0,https://chalaoshi.de/t/1047/
软件相关,64.5,课程综合实践Ⅰ,周亚金,计算机科学与技术学院,4.56,125,8.85,34,20.6,相关,1,0.0,0.0,https://chalaoshi.de/t/5580/
软件相关,64.5,信息安全导论,程鹏,控制科学与工程学院,4.27,137,8.26,8,37.5,强相关,0,0.0,0.0,https://chalaoshi.de/t/2450/
软件相关,64.4,数据挖掘与可视化,刘于思,传媒与国际文化学院,4.29,65,9.89,139,10.8,强相关,0,0.0,0.0,https://chalaoshi.de/t/121/
软件相关,64.3,人工智能、机器学习与数据挖掘的基础应用实训,邹宁,计算机科学与技术学院,4.51,76,9.42,21,57.1,强相关,0,0.0,0.0,https://chalaoshi.de/t/6263/
软件相关,64.3,计算机体系结构,卜凯,计算机科学与技术学院,4.35,293,9.89,130,33.1,相关,0,0.0,0.0,https://chalaoshi.de/t/755/
软件相关,64.0,人工智能基础,黄正行,生物医学工程与仪器科学学院,4.32,117,9.38,38,15.8,强相关,0,0.0,2.0,https://chalaoshi.de/t/3761/
软件相关,63.9,计算程序设计训练,库晓珂,航空航天学院,4.56,224,8.91,11,90.9,强相关,1,0.0,0.0,https://chalaoshi.de/t/5090/
软件相关,63.9,隐私保护与数据安全法,冯洋,光华法学院,4.41,101,9.25,34,29.4,相关,0,2.0,1.2,https://chalaoshi.de/t/6488/
软件相关,63.8,医学人工智能,黄正行,生物医学工程与仪器科学学院,4.52,32,9.38,38,15.8,强相关,2,5.0,1.2,https://chalaoshi.de/t/3761/
软件相关,63.8,计算机系统 Ⅰ,刘海风,计算机科学与技术学院,4.49,67,9.66,63,34.9,强相关,0,0.0,0.0,https://chalaoshi.de/t/3042/
软件相关,63.8,微信小程序综合实践,陈建海,计算机科学与技术学院,4.4,319,9.84,471,20.0,强相关,1,2.0,5.0,https://chalaoshi.de/t/1902/
软件相关,63.6,智能控制系统设计与实践,韩涛,电气工程学院,4.76,68,6.94,8,37.5,相关,1,0.0,0.0,https://chalaoshi.de/t/4839/
软件相关,63.6,大数据解析与应用导论,赵春晖,控制科学与工程学院,4.49,425,6.65,76,63.2,相关,0,0.0,2.2,https://chalaoshi.de/t/3984/
软件相关,63.5,课程综合实践Ⅰ,申文博,计算机科学与技术学院,4.56,125,9.45,56,33.9,相关,1,0.0,0.0,https://chalaoshi.de/t/5929/
软件相关,63.4,计算机游戏程序设计,耿卫东,计算机科学与技术学院,4.58,86,5.24,15,66.7,强相关,0,0.0,0.0,https://chalaoshi.de/t/1071/
软件相关,63.4,程序设计专题,王建江,建筑工程学院,4.11,302,5.14,606,16.8,强相关,0,0.0,0.0,https://chalaoshi.de/t/3067/
软件相关,63.3,计算机视觉导论,周晓巍,计算机科学与技术学院,4.24,130,9.37,19,10.5,相关,0,0.0,0.0,https://chalaoshi.de/t/5650/
软件相关,63.3,人工智能基础（A）,戴俊飞,数学科学学院,4.12,142,9.84,341,31.4,强相关,0,0.0,0.0,https://chalaoshi.de/t/1956/
软件相关,63.2,计算机科学思想史,伍赛,计算机科学与技术学院,4.35,500,8.69,37,45.9,相关,0,0.0,0.0,https://chalaoshi.de/t/3362/
软件相关,62.9,心理学与人工智能,周吉帆,心理与行为科学系,4.44,129,6.37,41,48.8,强相关,0,5.5,6.6,https://chalaoshi.de/t/3471/
软件相关,62.9,计算机系统Ⅲ,申文博,计算机科学与技术学院,4.43,54,9.45,56,33.9,强相关,0,0.0,0.0,https://chalaoshi.de/t/5929/
软件相关,62.8,统计与大数据分析,肖朦,物理学系,4.32,99,8.72,19,10.5,相关,0,5.0,3.2,https://chalaoshi.de/t/6322/
软件相关,62.8,计算机系统Ⅱ,周亚金,计算机科学与技术学院,4.29,93,8.85,34,20.6,强相关,0,0.0,0.0,https://chalaoshi.de/t/5580/
软件相关,62.7,跨媒体数据可视化,陈为,计算机科学与技术学院,4.47,183,4.76,42,28.6,相关,0,0.0,0.0,https://chalaoshi.de/t/3375/
软件相关,62.7,数据结构基础,李松,数学科学学院,4.14,142,8.86,82,11.0,强相关,0,2.0,1.2,https://chalaoshi.de/t/76/
软件相关,62.7,Python程序设计,沈睿,计算机科学与技术学院,4.01,500,9.97,440,44.3,强相关,0,0.0,0.0,https://chalaoshi.de/t/350/
软件相关,62.6,数据挖掘与可视化,周睿鸣,传媒与国际文化学院,4.29,65,8.08,63,17.5,强相关,0,0.0,0.0,https://chalaoshi.de/t/5466/
软件相关,62.5,信息安全导论,孙铭阳,控制科学与工程学院,4.31,159,,0,,强相关,0,0.0,0.0,https://chalaoshi.de/t/6479/
软件相关,62.5,数据结构基础,朱建科,计算机科学与技术学院,4.11,500,9.76,93,34.4,强相关,0,0.0,0.0,https://chalaoshi.de/t/2974/
软件相关,62.5,计算机科学基础（B）,沈睿,计算机科学与技术学院,4.09,500,9.97,440,44.3,相关,0,3.5,0.0,https://chalaoshi.de/t/350/
软件相关,62.4,大数据存储与计算技术,陈华钧,计算机科学与技术学院,4.21,411,7.07,36,22.2,相关,0,6.5,3.6,https://chalaoshi.de/t/2551/
软件相关,62.3,智能体育工程概论,王健,教育学院,4.74,24,8.55,7,28.6,相关,0,0.0,0.0,https://chalaoshi.de/t/1222/
软件相关,62.3,C程序设计基础及实验,张彤彧,计算机科学与技术学院,4.27,109,9.73,327,17.4,强相关,1,0.0,0.0,https://chalaoshi.de/t/1681/
软件相关,62.0,机器人前沿,周春琳,控制科学与工程学院,4.6,46,6.06,17,11.8,相关,0,0.0,0.0,https://chalaoshi.de/t/328/
软件相关,61.9,C程序设计基础及实验,陈建海,计算机科学与技术学院,4.16,204,9.84,471,20.0,强相关,1,5.0,1.2,https://chalaoshi.de/t/1902/
软件相关,61.6,操作系统原理与实践,申文博,计算机科学与技术学院,4.26,283,9.45,56,33.9,强相关,1,0.0,0.0,https://chalaoshi.de/t/5929/
软件相关,61.5,计算机科学思想史,巫英才,计算机科学与技术学院,4.4,500,7.72,27,66.7,相关,0,0.0,0.0,https://chalaoshi.de/t/5173/
软件相关,61.5,大气科学程序设计,贾晓静,地球科学学院,4.26,32,9.53,27,18.5,强相关,0,1.5,0.0,https://chalaoshi.de/t/846/
软件相关,61.4,信息安全导论,邓瑞龙,控制科学与工程学院,4.3,269,5.19,28,60.7,强相关,0,4.5,4.8,https://chalaoshi.de/t/6486/
软件相关,61.4,计算机图形学,吴鸿智,计算机科学与技术学院,4.2,184,8.79,75,49.3,相关,0,9.0,2.0,https://chalaoshi.de/t/3681/
软件相关,61.4,操作系统,季江民,计算机科学与技术学院,4.14,345,8.94,121,53.7,强相关,0,6.5,5.2,https://chalaoshi.de/t/850/
软件相关,61.3,软件保护技术,白洪欢,计算机科学与技术学院,3.93,65,9.81,911,10.8,强相关,0,0.0,0.0,https://chalaoshi.de/t/52/
软件相关,61.2,智能体育工程概论,彭玉鑫,教育学院,4.74,24,9.48,24,50.0,相关,0,0.0,0.0,https://chalaoshi.de/t/4928/
软件相关,61.2,计算机科学思想史,汤斯亮,信息科学与工程学院,4.4,500,,0,,相关,0,0.0,0.0,https://chalaoshi.de/t/4094/
软件相关,61.0,信息安全导论,程鹏,建筑工程学院,4.27,137,,0,,强相关,0,0.0,0.0,https://chalaoshi.de/t/442/
软件相关,61.0,经济统计软件及应用,曾涛,经济学院,4.09,206,8.92,50,8.0,强相关,0,0.0,0.0,https://chalaoshi.de/t/4544/
软件相关,60.9,软体仿生机器人与智能材料,李铁风,航空航天学院,4.36,120,7.59,38,18.4,相关,0,0.0,0.0,https://chalaoshi.de/t/2/
软件相关,60.9,数据挖掘与机器学习,陈熹,管理学院,4.12,222,8.51,23,13.0,强相关,0,0.0,0.0,https://chalaoshi.de/t/100/
软件相关,60.8,数据结构,姜伟,控制科学与工程学院,4.23,200,9.49,29,55.2,强相关,0,0.0,0.0,https://chalaoshi.de/t/397/
软件相关,60.8,人工智能引论,吴飞,计算机科学与技术学院,4.19,77,9.49,55,30.9,强相关,0,0.0,0.0,https://chalaoshi.de/t/1877/
软件相关,60.7,计算机系统 Ⅰ,何晓飞,计算机科学与技术学院,4.49,67,,0,,强相关,0,0.0,0.0,https://chalaoshi.de/t/2278/
软件相关,60.7,跨媒体数据可视化,巫英才,计算机科学与技术学院,4.47,183,7.72,27,66.7,相关,0,0.0,0.0,https://chalaoshi.de/t/5173/
软件相关,60.7,操作系统原理与实践,周亚金,计算机科学与技术学院,4.46,42,8.85,34,20.6,强相关,1,0.0,0.0,https://chalaoshi.de/t/5580/
软件相关,60.7,人工智能及其工程应用,胡伟飞,机械工程学院,4.39,341,3.29,24,75.0,强相关,0,0.0,0.0,https://chalaoshi.de/t/5859/
软件相关,60.6,土地信息系统,李艳,教育学院,4.4,118,7.67,6,33.3,相关,0,0.0,0.0,https://chalaoshi.de/t/2363/
软件相关,60.6,人工智能初步,徐从富,计算机科学与技术学院,4.19,190,7.31,61,24.6,强相关,0,0.0,0.0,https://chalaoshi.de/t/218/
软件相关,60.5,面向对象程序设计,许威威,计算机科学与技术学院,4.09,500,9.44,70,50.0,强相关,0,0.0,0.0,https://chalaoshi.de/t/3982/
软件相关,60.3,人工智能基础,吴飞,计算机科学与技术学院,4.24,46,9.49,55,30.9,强相关,0,0.0,0.0,https://chalaoshi.de/t/1877/
软件相关,60.2,工程伦理导论,王淼,人文学院,4.41,27,9.19,135,80.7,相关,0,24.5,5.6,https://chalaoshi.de/t/4245/
软件相关,60.2,计算机辅助工业设计,徐雯洁,计算机科学与技术学院,4.37,159,7.89,37,35.1,相关,0,0.0,0.0,https://chalaoshi.de/t/1642/
软件相关,60.2,计算机系统Ⅲ,周亚金,计算机科学与技术学院,4.15,136,8.85,34,20.6,强相关,0,0.0,0.0,https://chalaoshi.de/t/5580/
软件相关,60.2,信息安全原理与数学基础,张秉晟,计算机科学与技术学院,4.05,180,8.9,32,6.2,强相关,0,0.0,0.0,https://chalaoshi.de/t/6500/
软件相关,60.1,计算程序设计训练,陈建军,航空航天学院,4.53,115,4.94,9,77.8,强相关,1,0.0,0.0,https://chalaoshi.de/t/2492/
软件相关,60.0,面向对象程序设计,霍宇驰,计算机科学与技术学院,4.19,64,9.24,15,20.0,强相关,0,0.0,0.0,https://chalaoshi.de/t/6945/
软件相关,60.0,软件质量保证与测试,胡兰青,计算机科学与技术学院,4.04,185,8.39,356,11.5,强相关,0,0.0,0.0,https://chalaoshi.de/t/1161/
软件相关,59.8,农业与生态环境大数据,史舟,环境与资源学院,4.36,257,5.26,8,62.5,相关,0,2.5,1.2,https://chalaoshi.de/t/2565/
软件相关,59.8,人工智能基础（B）,吴超,公共管理学院,4.25,42,7.86,15,13.3,强相关,0,0.0,0.0,https://chalaoshi.de/t/5549/
软件相关,59.7,土地信息系统,李艳,公共管理学院,4.4,118,8.71,18,33.3,相关,0,0.0,1.0,https://chalaoshi.de/t/281/
软件相关,59.7,数据结构基础,陈翔,建筑工程学院,4.15,446,4.13,21,23.8,强相关,0,0.0,0.0,https://chalaoshi.de/t/1047/
软件相关,59.6,计算机游戏程序设计,王锐,计算机科学与技术学院,4.15,122,7.36,6,16.7,强相关,0,0.0,0.0,https://chalaoshi.de/t/1444/
软件相关,59.5,Python程序设计（H）,陆汉权,计算机科学与技术学院,4.27,288,6.54,189,63.0,强相关,0,0.0,0.0,https://chalaoshi.de/t/2187/
软件相关,59.5,软件工程管理,邵健,信息科学与工程学院,4.26,275,,0,,强相关,0,0.0,0.0,https://chalaoshi.de/t/4425/
软件相关,59.5,计算机系统概论,姜晓红,计算机科学与技术学院,4.16,500,5.73,142,62.0,强相关,0,0.0,0.0,https://chalaoshi.de/t/1703/
软件相关,59.4,面板数据分析与Stata应用,方红生,经济学院,4.51,182,3.91,70,57.1,相关,0,0.0,0.0,https://chalaoshi.de/t/1797/
软件相关,59.4,课程综合实践Ⅰ,陈为,计算机科学与技术学院,4.45,171,4.76,42,28.6,相关,1,0.0,0.0,https://chalaoshi.de/t/3375/
软件相关,59.4,C程序设计专题,翁恺,计算机科学与技术学院,4.11,221,8.92,532,34.0,强相关,0,0.0,0.0,https://chalaoshi.de/t/936/
软件相关,59.3,机器学习的多领域应用 - 人工智能基础,吴飞,计算机科学与技术学院,4.1,102,9.49,55,30.9,强相关,0,0.0,0.0,https://chalaoshi.de/t/1877/
软件相关,59.3,机器人与人工智能导论,朱秋国,控制科学与工程学院,4.0,173,8.92,9,22.2,强相关,0,0.0,0.0,https://chalaoshi.de/t/4543/
软件相关,59.2,课程综合实践Ⅱ,陈为,计算机科学与技术学院,4.69,51,4.76,42,28.6,相关,1,0.0,0.0,https://chalaoshi.de/t/3375/
软件相关,59.2,人工智能：情感、艺术与设计,张克俊,计算机科学与技术学院,4.27,55,9.56,92,60.9,强相关,0,0.0,0.0,https://chalaoshi.de/t/2299/
软件相关,59.2,软件工程基础,王新宇,计算机科学与技术学院,4.25,160,5.59,26,42.3,强相关,0,0.0,0.0,https://chalaoshi.de/t/1705/
软件相关,59.2,数据库系统,孙建伶,计算机科学与技术学院,4.14,315,9.84,89,40.4,强相关,0,0.0,1.2,https://chalaoshi.de/t/1381/
软件相关,59.1,人工智能逻辑,廖备水,人文学院,4.14,125,9.46,33,39.4,强相关,0,1.5,1.2,https://chalaoshi.de/t/3441/
软件相关,59.1,程序设计专题,肖少拥,计算机科学与技术学院,3.96,165,8.85,440,28.6,强相关,0,0.0,0.0,https://chalaoshi.de/t/1887/
软件相关,59.0,商业大数据分析,汤永川,计算机科学与技术学院,4.58,93,6.82,11,81.8,相关,0,0.0,0.0,https://chalaoshi.de/t/1992/
软件相关,59.0,土地信息系统,曹宇,公共管理学院,4.4,118,8.97,25,60.0,相关,0,0.0,0.0,https://chalaoshi.de/t/496/
软件相关,59.0,计算机体系结构,陈文智,计算机科学与技术学院,4.24,257,7.88,73,69.9,相关,0,3.0,0.0,https://chalaoshi.de/t/1368/
软件相关,59.0,高级程序设计,耿晨歌,生物医学工程与仪器科学学院,4.04,230,9.13,21,19.0,强相关,0,0.0,0.0,https://chalaoshi.de/t/1568/
软件相关,59.0,数据结构基础,郑友怡,计算机科学与技术学院,3.99,241,8.13,104,11.5,强相关,0,0.0,0.0,https://chalaoshi.de/t/5811/
软件相关,58.9,机器学习,赵洲,计算机科学与技术学院,4.62,90,6.35,36,80.6,强相关,0,0.0,3.6,https://chalaoshi.de/t/3748/
软件相关,58.9,人工智能基础,况琨,计算机科学与技术学院,4.18,46,9.39,20,20.0,强相关,0,0.0,0.0,https://chalaoshi.de/t/6663/
软件相关,58.6,人工智能基础（A）,陈建海,计算机科学与技术学院,4.12,293,9.84,471,20.0,强相关,0,0.0,1.2,https://chalaoshi.de/t/1902/
软件相关,58.6,软件技术基础,白剑,光电科学与工程学院,4.07,63,9.39,20,5.0,强相关,0,0.0,0.0,https://chalaoshi.de/t/2881/
软件相关,58.6,C程序设计基础及实验,肖少拥,计算机科学与技术学院,4.02,301,8.85,440,28.6,强相关,1,2.0,2.4,https://chalaoshi.de/t/1887/
软件相关,58.6,Java程序设计,潘肖煜,计算机科学与技术学院,3.91,473,9.57,210,18.6,强相关,0,0.0,0.0,https://chalaoshi.de/t/835/
软件相关,58.5,人工智能基础,郑能干,求是高等研究院,4.48,47,,0,,强相关,0,0.0,0.0,https://chalaoshi.de/t/3885/
软件相关,58.4,双足移动机器人技术及强化实践,周春琳,控制科学与工程学院,4.4,88,6.06,17,11.8,相关,1,0.0,0.0,https://chalaoshi.de/t/328/
软件相关,58.4,人工智能引论,吴飞,传媒与国际文化学院,4.19,77,7.37,48,22.9,强相关,0,0.0,0.0,https://chalaoshi.de/t/5016/
软件相关,58.4,C程序设计基础及实验,王建江,建筑工程学院,4.06,178,5.14,606,16.8,强相关,1,0.0,0.0,https://chalaoshi.de/t/3067/
软件相关,58.3,计算机系统Ⅱ,吴磊,地球科学学院,4.46,36,5.41,16,43.8,强相关,0,0.0,0.0,https://chalaoshi.de/t/3494/
软件相关,58.3,C程序设计基础及实验,俞欢军,实验室与设备管理处,4.18,85,9.58,123,30.9,强相关,1,0.0,0.0,https://chalaoshi.de/t/1276/
软件相关,58.2,数据分析与可视化,袁泉,管理学院,4.25,159,9.51,26,26.9,相关,0,0.0,1.0,https://chalaoshi.de/t/5855/
软件相关,58.2,人工智能伦理与安全,潘恩荣,马克思主义学院,4.19,109,,0,,强相关,0,0.0,0.0,https://chalaoshi.de/t/3963/
软件相关,58.1,IT工程伦理和项目管理,周成伟,控制科学与工程学院,4.11,219,8.85,26,38.5,相关,0,0.0,0.0,https://chalaoshi.de/t/6177/
软件相关,58.1,能源工程伦理与管理,黄群星,能源工程学院,4.1,253,9.24,15,33.3,相关,0,0.0,0.0,https://chalaoshi.de/t/471/
软件相关,58.1,人工智能基础（C）,楼东武,信息与电子工程学院,4.1,63,9.91,224,19.6,强相关,0,0.0,0.0,https://chalaoshi.de/t/231/
软件相关,58.0,智能财务研究方法,肖炜麟,管理学院,4.5,41,9.76,59,64.4,相关,0,0.0,0.0,https://chalaoshi.de/t/29/
软件相关,58.0,信息安全管理,夏莹杰,计算机科学与技术学院,4.36,80,7.61,38,86.8,强相关,0,1.5,0.0,https://chalaoshi.de/t/3467/
软件相关,58.0,智能仪器设计与开发,张涛,建筑工程学院,4.26,131,9.42,21,38.1,相关,0,0.0,0.0,https://chalaoshi.de/t/1721/
软件相关,58.0,信息安全与隐私保护,潘有能,公共管理学院,4.16,74,9.19,16,56.2,强相关,0,3.0,1.2,https://chalaoshi.de/t/3578/
软件相关,57.8,人工智能基础,吴飞,传媒与国际文化学院,4.24,46,7.37,48,22.9,强相关,0,0.0,0.0,https://chalaoshi.de/t/5016/
软件相关,57.7,计算机网络,陆系群,计算机科学与技术学院,4.01,159,9.5,36,19.4,强相关,0,0.0,0.0,https://chalaoshi.de/t/876/
软件相关,57.7,计算机科学基础（A）,白洪欢,计算机科学与技术学院,3.9,185,9.81,911,10.8,相关,0,0.0,0.0,https://chalaoshi.de/t/52/
软件相关,57.7,人工智能基础（A）,耿光超,电气工程学院,3.85,74,8.99,10,10.0,强相关,0,6.5,1.2,https://chalaoshi.de/t/5652/
软件相关,57.6,人工智能实验,胡浩基,信息与电子工程学院,4.08,120,9.78,100,17.0,强相关,1,0.0,0.0,https://chalaoshi.de/t/591/
软件相关,57.5,智能仪器设计与开发,张涛,控制科学与工程学院,4.26,131,9.04,59,45.8,相关,0,0.0,0.0,https://chalaoshi.de/t/3177/
软件相关,57.4,课程综合实践Ⅰ,巫英才,计算机科学与技术学院,4.45,171,7.72,27,66.7,相关,1,0.0,0.0,https://chalaoshi.de/t/5173/
软件相关,57.3,大规模信息系统构建技术导论,张寅,计算机科学与技术学院,4.34,85,6.19,38,44.7,相关,0,0.0,0.0,https://chalaoshi.de/t/3692/
软件相关,57.2,机器人与智能系统综合实践,任沁源,控制科学与工程学院,4.3,70,9.54,28,14.3,相关,1,0.0,0.0,https://chalaoshi.de/t/5157/
软件相关,57.2,数值模拟与机器学习基础,李刚,海洋学院,4.29,27,9.34,18,33.3,强相关,0,0.0,0.0,https://chalaoshi.de/t/6042/
软件相关,57.1,C程序设计基础及实验,郑友怡,计算机科学与技术学院,4.02,201,8.13,104,11.5,强相关,1,0.0,0.0,https://chalaoshi.de/t/5811/
软件相关,57.0,机器人技术与实践,周春琳,控制科学与工程学院,4.53,38,6.06,17,11.8,相关,1,0.0,0.0,https://chalaoshi.de/t/328/
软件相关,57.0,软件工程,林海,计算机科学与技术学院,4.3,82,8.22,17,70.6,强相关,0,0.0,0.0,https://chalaoshi.de/t/3558/
软件相关,57.0,计算机科学基础（H）,陆汉权,计算机科学与技术学院,4.29,411,6.54,189,63.0,相关,0,0.0,0.0,https://chalaoshi.de/t/2187/
软件相关,57.0,智能仪器设计与开发,张武明,控制科学与工程学院,4.27,39,9.23,127,50.4,相关,0,0.0,0.0,https://chalaoshi.de/t/109/
软件相关,56.8,计算机辅助翻译,何文忠,外国语言文化与国际交流学院,4.31,206,7.01,180,45.0,相关,0,1.5,1.2,https://chalaoshi.de/t/378/
软件相关,56.8,机器学习的多领域应用 - 人工智能基础,吴飞,传媒与国际文化学院,4.1,102,7.37,48,22.9,强相关,0,0.0,0.0,https://chalaoshi.de/t/5016/
软件相关,56.8,信息安全原理,胡天磊,计算机科学与技术学院,4.09,395,7.55,78,53.8,强相关,0,0.0,0.0,https://chalaoshi.de/t/1422/
软件相关,56.7,智能材料与结构力学,李华,航空航天学院,4.77,27,8.8,10,20.0,相关,2,0.0,0.0,https://chalaoshi.de/t/5099/
软件相关,56.7,课程综合实践Ⅱ,季江民,计算机科学与技术学院,4.21,374,8.94,121,53.7,相关,1,0.0,0.0,https://chalaoshi.de/t/850/
软件相关,56.6,程序设计专题,陈建海,计算机科学与技术学院,4.09,210,9.84,471,20.0,强相关,0,0.0,2.0,https://chalaoshi.de/t/1902/
软件相关,56.5,土地信息系统工程设计实习,曹宇,公共管理学院,4.71,48,8.97,25,60.0,相关,2,0.0,0.0,https://chalaoshi.de/t/496/
软件相关,56.5,数据结构和算法,王何宇,数学科学学院,3.82,415,9.91,157,6.4,强相关,0,0.0,0.0,https://chalaoshi.de/t/2167/
软件相关,56.4,智能体育工程概论,孟濬,电气工程学院,4.74,24,3.67,75,49.3,相关,0,0.0,0.0,https://chalaoshi.de/t/3173/
软件相关,56.4,网络化智能无人系统,徐金明,控制科学与工程学院,4.33,41,9.11,12,25.0,相关,0,0.0,0.0,https://chalaoshi.de/t/6676/
软件相关,56.4,数据分析与算法设计,李东晓,信息与电子工程学院,4.19,218,9.34,21,85.7,强相关,0,0.0,0.0,https://chalaoshi.de/t/5066/
软件相关,56.4,机器人传感技术,张涛,建筑工程学院,4.18,160,9.42,21,38.1,相关,0,0.0,0.0,https://chalaoshi.de/t/1721/
软件相关,56.4,数据挖掘导论,张东祥,计算机科学与技术学院,4.06,155,8.26,11,63.6,强相关,0,0.0,0.0,https://chalaoshi.de/t/6257/
软件相关,56.4,高级数据结构与算法分析,杨洋,求是学院,4.02,332,9.79,67,53.7,强相关,0,0.0,0.0,https://chalaoshi.de/t/4782/
软件相关,56.3,智能制造与企业自动化,徐祖华,控制科学与工程学院,4.33,196,7.3,13,69.2,相关,0,0.0,0.0,https://chalaoshi.de/t/1038/
软件相关,56.3,智能物联网(AIoT)系统设计,楼东武,信息与电子工程学院,4.24,47,9.91,224,19.6,相关,0,0.0,0.0,https://chalaoshi.de/t/231/
软件相关,56.2,计算机科学思想史,李玺,计算机科学与技术学院,4.4,500,4.12,37,89.2,相关,0,0.0,0.0,https://chalaoshi.de/t/5048/
软件相关,56.2,软件工程基础,张引,计算机科学与技术学院,4.35,134,8.05,307,85.0,强相关,0,0.0,0.0,https://chalaoshi.de/t/722/
软件相关,56.2,计算机科学思想史,黄劲,计算机科学与技术学院,4.24,233,9.45,45,60.0,相关,0,0.0,0.0,https://chalaoshi.de/t/1263/
软件相关,56.2,心理学与人工智能,沈模卫,心理与行为科学系,4.2,41,7.24,27,59.3,强相关,0,0.0,0.0,https://chalaoshi.de/t/1881/
软件相关,56.2,数据分析与算法设计,李东晓,传媒与国际文化学院,4.19,218,7.06,47,61.7,强相关,0,0.0,0.0,https://chalaoshi.de/t/333/
软件相关,56.2,数据结构基础,何钦铭,继续教育学院,4.03,396,7.59,136,19.1,强相关,0,0.0,0.0,https://chalaoshi.de/t/1410/
软件相关,56.1,机器人交叉创新设计与实践,高飞,信息与电子工程学院,4.15,139,9.02,13,0.0,相关,1,0.0,0.0,https://chalaoshi.de/t/5512/
软件相关,56.1,Python程序设计,翁恺,计算机科学与技术学院,3.96,476,8.92,532,34.0,强相关,0,0.0,0.0,https://chalaoshi.de/t/936/
软件相关,55.9,IT工程伦理和项目管理,叶德信,信息与电子工程学院,4.14,103,9.3,23,47.8,相关,0,0.0,0.0,https://chalaoshi.de/t/4710/
软件相关,55.9,信息安全原理与数学基础,秦湛,计算机科学与技术学院,4.05,180,5.02,23,17.4,强相关,0,0.0,0.0,https://chalaoshi.de/t/5927/
软件相关,55.9,人工智能与机器学习,胡瑞芬,控制科学与工程学院,3.9,131,9.38,57,19.3,强相关,0,0.0,0.0,https://chalaoshi.de/t/1475/
软件相关,55.9,人工智能基础（C）,胡瑞芬,控制科学与工程学院,3.8,62,9.38,57,19.3,强相关,0,3.0,0.0,https://chalaoshi.de/t/1475/
软件相关,55.8,机器人前沿,熊蓉,控制科学与工程学院,4.29,83,9.09,29,48.3,相关,0,0.0,0.0,https://chalaoshi.de/t/1577/
软件相关,55.8,海洋机器人基础,郑华荣,控制科学与工程学院,4.27,160,3.34,10,40.0,相关,0,0.0,0.0,https://chalaoshi.de/t/6349/
软件相关,55.8,人工智能与电力大数据,万灿,电气工程学院,4.23,110,6.31,8,75.0,强相关,0,1.5,1.2,https://chalaoshi.de/t/5270/
软件相关,55.8,机器人传感技术,张涛,控制科学与工程学院,4.18,160,9.04,59,45.8,相关,0,0.0,0.0,https://chalaoshi.de/t/3177/
软件相关,55.8,操作系统,伍赛,计算机科学与技术学院,4.01,323,8.69,37,45.9,强相关,0,0.0,0.0,https://chalaoshi.de/t/3362/
软件相关,55.7,人工智能伦理与安全,郭喨,光华法学院,4.4,73,6.21,133,94.0,强相关,0,0.0,0.0,https://chalaoshi.de/t/5793/
软件相关,55.7,程序设计专题,张彤彧,计算机科学与技术学院,3.9,187,9.73,327,17.4,强相关,0,0.0,0.0,https://chalaoshi.de/t/1681/
软件相关,55.6,计算机前沿技术讲座,张宏鑫,计算机科学与技术学院,4.31,282,7.45,37,37.8,相关,0,0.0,3.6,https://chalaoshi.de/t/1207/
软件相关,55.6,大数据解析与应用导论,程鹏,控制科学与工程学院,4.15,72,8.26,8,37.5,相关,0,0.0,0.0,https://chalaoshi.de/t/2450/
软件相关,55.6,电力电子系统计算机仿真,姚文熙,电气工程学院,4.12,115,9.28,16,18.8,相关,0,0.0,0.0,https://chalaoshi.de/t/2599/
软件相关,55.6,数据分析与算法设计,赵明敏,信息与电子工程学院,4.07,288,9.42,21,71.4,强相关,0,0.0,0.0,https://chalaoshi.de/t/6441/
软件相关,55.6,计算机科学基础（B）,陶黎黎,计算机科学与技术学院,3.88,194,9.84,237,22.4,相关,0,4.0,0.0,https://chalaoshi.de/t/1672/
软件相关,55.5,课程综合实践Ⅰ,陈建海,计算机科学与技术学院,4.28,120,9.84,471,20.0,相关,1,0.0,0.0,https://chalaoshi.de/t/1902/
软件相关,55.5,软件工程管理,邵健,计算机科学与技术学院,4.26,275,2.86,11,90.9,强相关,0,0.0,0.0,https://chalaoshi.de/t/336/
软件相关,55.5,智能物联网(AIoT)系统设计,史治国,信息与电子工程学院,4.24,47,9.84,92,27.2,相关,0,0.0,0.0,https://chalaoshi.de/t/552/
软件相关,55.5,中国科技史,项隆元,人文学院,4.17,170,9.44,23,26.1,相关,0,0.0,1.2,https://chalaoshi.de/t/1938/
软件相关,55.5,Web程序设计,童昱,管理学院,4.1,45,8.97,17,35.3,强相关,0,0.0,0.0,https://chalaoshi.de/t/5587/
软件相关,55.5,数据库系统,陈刚,计算机科学与技术学院,3.92,209,9.36,26,26.9,强相关,0,0.0,0.0,https://chalaoshi.de/t/4353/
软件相关,55.5,人工智能基础（C）,洪鑫,经济学院,3.84,62,9.76,91,4.4,强相关,0,0.0,0.0,https://chalaoshi.de/t/42/
软件相关,55.5,C程序设计基础,陈建海,计算机科学与技术学院,3.82,490,9.84,471,20.0,强相关,0,5.0,1.2,https://chalaoshi.de/t/1902/
软件相关,55.4,计算机科学思想史,赵洲,计算机科学与技术学院,4.29,500,6.35,36,80.6,相关,0,0.0,0.0,https://chalaoshi.de/t/3748/
软件相关,55.4,计算机系统Ⅲ,吴磊,地球科学学院,4.18,75,5.41,16,43.8,强相关,0,0.0,0.0,https://chalaoshi.de/t/3494/
软件相关,55.4,机器人交叉创新设计与实践,任沁源,控制科学与工程学院,4.15,139,9.54,28,14.3,相关,1,0.0,0.0,https://chalaoshi.de/t/5157/
软件相关,55.4,计算机前沿技术讲座,郑文庭,计算机科学与技术学院,4.14,172,8.46,70,32.9,相关,0,0.0,0.0,https://chalaoshi.de/t/2307/
软件相关,55.4,C程序设计基础,郑友怡,计算机科学与技术学院,3.89,143,8.13,104,11.5,强相关,0,0.0,0.0,https://chalaoshi.de/t/5811/
软件相关,55.3,智能制造与企业自动化,苏宏业,控制科学与工程学院,4.27,224,,0,,相关,0,0.0,0.0,https://chalaoshi.de/t/2360/
软件相关,55.3,计算机组成,赵莎,计算机科学与技术学院,4.09,149,9.45,23,21.7,相关,0,0.0,0.0,https://chalaoshi.de/t/5958/
软件相关,55.2,机器人与智能系统综合实践,周春琳,控制科学与工程学院,4.38,47,6.06,17,11.8,相关,1,0.0,0.0,https://chalaoshi.de/t/328/
软件相关,55.2,计算机科学思想史,纪守领,计算机科学与技术学院,4.29,500,6.92,139,65.5,相关,0,0.0,0.0,https://chalaoshi.de/t/4389/
软件相关,55.2,计算机动画,金小刚,计算机科学与技术学院,4.17,235,7.56,136,42.6,相关,0,1.5,1.2,https://chalaoshi.de/t/1308/
软件相关,55.1,计算机辅助设计,刘国柱,人文学院,4.46,43,9.57,67,73.1,相关,0,0.0,0.0,https://chalaoshi.de/t/330/
软件相关,55.1,软件质量保证与测试,万志远,计算机科学与技术学院,4.12,69,7.46,77,37.7,强相关,0,0.0,0.0,https://chalaoshi.de/t/5952/
软件相关,55.0,智能供配电技术,杨强,电气工程学院,4.2,434,9.19,41,80.5,相关,0,0.0,0.0,https://chalaoshi.de/t/209/
软件相关,54.8,计算机体系结构,陈文智,信息技术中心,4.24,257,,0,,相关,0,0.0,0.0,https://chalaoshi.de/t/4602/
软件相关,54.8,C程序设计基础及实验,白洪欢,计算机科学与技术学院,3.87,500,9.81,911,10.8,强相关,1,4.0,7.9,https://chalaoshi.de/t/52/
软件相关,54.8,程序设计专题,胡兰青,计算机科学与技术学院,3.86,188,8.39,356,11.5,强相关,0,0.0,0.0,https://chalaoshi.de/t/1161/
软件相关,54.7,人脑认知与机器智能,丁鼐,生物医学工程与仪器科学学院,4.64,17,,0,,相关,0,3.0,0.0,https://chalaoshi.de/t/4161/
软件相关,54.7,人工智能基础（A）,吴韬,化学系,3.98,53,8.04,41,19.5,强相关,0,0.0,0.0,https://chalaoshi.de/t/2992/
软件相关,54.7,计算机游戏程序设计,霍宇驰,计算机科学与技术学院,3.96,59,9.24,15,20.0,强相关,0,0.0,0.0,https://chalaoshi.de/t/6945/
软件相关,54.6,情绪智能管理,沈晓华,地球科学学院,4.35,35,7.86,21,28.6,相关,0,0.0,0.0,https://chalaoshi.de/t/1752/
软件相关,54.6,数据通信与计算机网络,胡骏,光电科学与工程学院,4.03,390,9.0,33,78.8,强相关,0,0.0,0.0,https://chalaoshi.de/t/1443/
软件相关,54.5,人工智能,李英明,信息与电子工程学院,3.96,142,5.81,12,8.3,强相关,0,0.0,0.0,https://chalaoshi.de/t/3974/
软件相关,54.4,课程综合实践Ⅱ,郑小林,计算机科学与技术学院,4.33,121,7.84,33,57.6,相关,1,0.0,0.0,https://chalaoshi.de/t/2855/
软件相关,54.4,程序设计与算法基础,何钦铭,继续教育学院,4.03,132,7.59,136,19.1,强相关,0,0.0,0.0,https://chalaoshi.de/t/1410/
软件相关,54.3,工程伦理导论,王淼,物理学系,4.41,27,9.78,148,73.6,相关,0,7.5,7.8,https://chalaoshi.de/t/845/
软件相关,54.3,计算机体系结构,姜晓红,计算机科学与技术学院,4.28,211,5.73,142,62.0,相关,0,0.0,0.0,https://chalaoshi.de/t/1703/
软件相关,54.2,新一代人工智能与预训练大模型导论,孙凌云,计算机科学与技术学院,4.21,68,8.18,31,80.6,强相关,1,0.0,0.0,https://chalaoshi.de/t/16/
软件相关,54.2,人工智能伦理与安全,潘恩荣,思想政治理论教学科研部,4.19,109,5.29,79,74.7,强相关,0,0.0,0.0,https://chalaoshi.de/t/2834/
软件相关,54.1,C程序设计基础及实验,胡兰青,计算机科学与技术学院,3.96,84,8.39,356,11.5,强相关,1,0.0,0.0,https://chalaoshi.de/t/1161/
软件相关,54.0,机器人学Ⅰ强化训练与实践,周春琳,控制科学与工程学院,4.52,161,6.06,17,11.8,相关,5,0.0,0.0,https://chalaoshi.de/t/328/
软件相关,54.0,软体仿生机器人与智能材料,李华,航空航天学院,4.37,20,8.8,10,20.0,相关,0,0.0,0.0,https://chalaoshi.de/t/5099/
软件相关,54.0,生物数据挖掘与知识发现,陈铭,生命科学学院,4.36,21,6.78,48,50.0,强相关,0,0.0,0.0,https://chalaoshi.de/t/1741/
软件相关,54.0,情绪智能管理,张帆,信息与电子工程学院,4.35,35,7.18,17,35.3,相关,0,0.0,0.0,https://chalaoshi.de/t/4504/
软件相关,54.0,课程综合实践Ⅰ,王灿,计算机科学与技术学院,4.26,60,9.27,42,28.6,相关,1,0.0,0.0,https://chalaoshi.de/t/1229/
软件相关,54.0,人工智能基础（A）,金台,航空航天学院,4.12,142,8.36,9,55.6,强相关,0,0.0,1.0,https://chalaoshi.de/t/6880/
软件相关,54.0,智能电子设备开发,叶炜,控制科学与工程学院,4.02,300,7.17,45,6.7,相关,0,0.0,0.0,https://chalaoshi.de/t/207/
软件相关,53.9,机器人制作,朱秋国,控制科学与工程学院,4.38,20,8.92,9,22.2,相关,0,0.0,0.0,https://chalaoshi.de/t/4543/
软件相关,53.9,机器人交叉创新设计与实践,吴俊,控制科学与工程学院,4.15,139,9.39,27,25.9,相关,1,0.0,0.0,https://chalaoshi.de/t/859/
软件相关,53.8,计算机辅助设计,刘国柱,公共管理学院,4.46,43,,0,,相关,0,0.0,0.0,https://chalaoshi.de/t/4064/
软件相关,53.8,大数据安全与隐私保护,陈积明,控制科学与工程学院,4.16,247,5.3,19,42.1,相关,0,0.0,0.0,https://chalaoshi.de/t/2534/
软件相关,53.6,计算机基础,彭玉鑫,教育学院,4.48,21,9.48,24,50.0,相关,0,0.0,0.0,https://chalaoshi.de/t/4928/
软件相关,53.6,机器人传感技术,黄志尧,控制科学与工程学院,4.2,155,3.36,25,32.0,相关,0,0.0,0.0,https://chalaoshi.de/t/2774/
软件相关,53.5,计算机辅助设计初步,徐雯洁,计算机科学与技术学院,4.23,64,7.89,37,35.1,相关,0,0.0,0.0,https://chalaoshi.de/t/1642/
软件相关,53.5,大规模信息系统构建技术导论,鲁伟明,计算机科学与技术学院,4.14,132,7.28,46,60.9,相关,0,0.0,0.0,https://chalaoshi.de/t/3648/
软件相关,53.5,管理信息系统,瞿文光,管理学院,4.11,81,8.46,12,25.0,相关,0,0.0,0.0,https://chalaoshi.de/t/2521/
软件相关,53.4,Python数据分析基础,杨波威,航空航天学院,4.25,128,8.42,7,71.4,相关,0,0.0,0.0,https://chalaoshi.de/t/3825/
软件相关,53.4,环境数据分析,庄树林,环境与资源学院,4.13,109,6.33,25,64.0,相关,0,3.5,0.0,https://chalaoshi.de/t/3077/
软件相关,53.4,数据分析与算法设计,李旻,信息与电子工程学院,3.88,234,9.55,29,27.6,强相关,0,0.0,0.0,https://chalaoshi.de/t/6052/
软件相关,53.3,机器人基础实践,王酉,控制科学与工程学院,4.33,125,8.18,49,63.3,相关,1,0.0,0.0,https://chalaoshi.de/t/1162/
软件相关,53.3,机器人交叉创新设计与实践,周春琳,控制科学与工程学院,4.15,139,6.06,17,11.8,相关,1,0.0,0.0,https://chalaoshi.de/t/328/
软件相关,53.3,数据结构基础,何钦铭,计算机科学与技术学院,4.03,396,,0,,强相关,0,0.0,0.0,https://chalaoshi.de/t/4912/
软件相关,53.2,智能移动技术,熊蓉,控制科学与工程学院,4.18,263,9.09,29,48.3,相关,0,0.0,2.0,https://chalaoshi.de/t/1577/
软件相关,53.2,计算机控制系统设计与实践,仲玉芳,控制科学与工程学院,4.12,327,9.24,15,40.0,相关,1,0.0,0.0,https://chalaoshi.de/t/3206/
软件相关,53.0,电子信息系统创新实践,姚文熙,电气工程学院,4.75,11,9.28,16,18.8,相关,1,0.0,0.0,https://chalaoshi.de/t/2599/
软件相关,53.0,电子测量与智能仪器,陈敏,化学系,4.18,263,,0,,相关,0,0.0,0.0,https://chalaoshi.de/t/3036/
软件相关,53.0,网络安全原理与实践,林峰,化学系,4.16,132,2.85,13,38.5,强相关,1,0.0,0.0,https://chalaoshi.de/t/2193/
软件相关,53.0,能源工程伦理与管理,杨化超,能源工程学院,4.14,116,,0,,相关,0,0.0,0.0,https://chalaoshi.de/t/6769/
软件相关,53.0,计算机系统 Ⅰ,吴磊,地球科学学院,4.03,146,5.41,16,43.8,强相关,0,0.0,0.0,https://chalaoshi.de/t/3494/
软件相关,53.0,人工智能实验,李英明,信息与电子工程学院,4.03,87,5.81,12,8.3,强相关,1,0.0,0.0,https://chalaoshi.de/t/3974/
软件相关,52.9,电子信息系统创新实践,邵帅,管理学院,4.61,15,9.81,76,40.8,相关,1,0.0,0.0,https://chalaoshi.de/t/5212/
软件相关,52.8,电子信息系统创新实践,张军明,电气工程学院,4.64,14,8.28,22,22.7,相关,1,0.0,0.0,https://chalaoshi.de/t/407/
软件相关,52.8,非结构化数据分析与应用,孔祥维,管理学院,4.37,89,4.55,21,52.4,相关,0,0.0,1.2,https://chalaoshi.de/t/5869/
软件相关,52.8,C程序设计基础及实验,陶煜波,计算机科学与技术学院,4.07,205,9.87,128,44.5,强相关,1,0.0,0.0,https://chalaoshi.de/t/3720/
软件相关,52.8,人工智能基础（B）,祁玉,计算机科学与技术学院,3.99,67,8.69,11,36.4,强相关,0,0.0,0.0,https://chalaoshi.de/t/5999/
软件相关,52.8,人工智能与机器学习,周煜东,医学院,3.95,49,3.2,13,0.0,强相关,0,0.0,0.0,https://chalaoshi.de/t/5277/
软件相关,52.6,人工智能,王东辉,计算机科学与技术学院,3.93,147,8.38,11,18.2,强相关,0,0.0,1.0,https://chalaoshi.de/t/3425/
软件相关,52.6,数据结构基础,干红华,计算机科学与技术学院,3.92,424,7.32,303,49.2,强相关,0,7.0,5.6,https://chalaoshi.de/t/3435/
软件相关,52.5,数据库系统,苗晓晔,科学技术研究院,3.92,272,8.33,39,71.8,强相关,0,2.0,0.0,https://chalaoshi.de/t/5675/
软件相关,52.5,Java程序设计,孟炳泉,计算机科学与技术学院,3.81,53,8.97,250,54.4,强相关,0,0.0,0.0,https://chalaoshi.de/t/240/
软件相关,52.4,农业与生态环境大数据,罗忠奎,环境与资源学院,4.36,257,8.62,20,85.0,相关,0,2.5,6.6,https://chalaoshi.de/t/6256/
软件相关,52.4,智能制造与企业自动化,谢磊,信息与电子工程学院,4.25,247,5.43,13,84.6,相关,0,0.0,0.0,https://chalaoshi.de/t/1195/
软件相关,52.3,课程综合实践Ⅰ,张寅,计算机科学与技术学院,4.36,84,6.19,38,44.7,相关,1,0.0,0.0,https://chalaoshi.de/t/3692/
跨专业低风险,81.2,艺术人类学,王婧,传媒与国际文化学院,4.78,324,9.34,37,29.7,跨专业,0,6.5,1.2,https://chalaoshi.de/t/2406/
跨专业低风险,79.0,保护生物学（甲）,方盛国,生命科学学院,4.83,256,9.48,24,25.0,跨专业,0,4.5,0.0,https://chalaoshi.de/t/2533/
跨专业低风险,78.2,政治经济学导论,俞彬,经济学院,4.54,401,9.91,170,12.4,跨专业,0,11.0,3.2,https://chalaoshi.de/t/3464/
跨专业低风险,77.2,美学导论,陈玮,医学院,4.8,216,9.34,18,5.6,跨专业,0,0.0,0.0,https://chalaoshi.de/t/2337/
跨专业低风险,77.2,社会调查,俞彬,经济学院,4.64,332,9.91,170,12.4,跨专业,0,0.0,0.0,https://chalaoshi.de/t/3464/
跨专业低风险,77.1,大学生朋辈心理辅导,蔡云,数学科学学院,4.59,307,9.98,614,30.5,跨专业,0,3.0,0.0,https://chalaoshi.de/t/3671/
跨专业低风险,77.0,打开艺术之门——钢琴,陈曦,控制科学与工程学院,4.56,500,9.9,142,28.9,跨专业,0,5.5,1.2,https://chalaoshi.de/t/1540/
跨专业低风险,76.2,全生命周期健康II,宋超,心理与行为科学系,4.88,258,9.6,33,21.2,跨专业,0,0.0,0.0,https://chalaoshi.de/t/3711/
跨专业低风险,75.8,政治经济学导论,卢江,马克思主义学院,4.55,494,9.92,177,40.7,跨专业,0,9.5,3.2,https://chalaoshi.de/t/3943/
跨专业低风险,75.6,美学导论,陈玮,人文学院,4.8,216,9.71,47,27.7,跨专业,0,1.5,1.2,https://chalaoshi.de/t/4644/
跨专业低风险,75.1,文化产业知识产权,吴赟,传媒与国际文化学院,4.7,398,9.73,97,26.8,跨专业,0,2.0,3.0,https://chalaoshi.de/t/3614/
跨专业低风险,75.1,当代中国文艺理论思潮研究,朱首献,人文学院,4.63,457,9.91,162,33.3,跨专业,0,0.0,0.0,https://chalaoshi.de/t/1491/
跨专业低风险,75.0,政治经济学,俞彬,经济学院,4.51,500,9.91,170,12.4,跨专业,0,14.0,4.4,https://chalaoshi.de/t/3464/
跨专业低风险,74.7,美学导论,陈玮,外国语言文化与国际交流学院,4.8,216,8.79,15,26.7,跨专业,0,0.0,0.0,https://chalaoshi.de/t/235/
跨专业低风险,74.7,房地产金融与经济,蔡庆兵,经济学院,4.52,421,9.96,415,12.3,跨专业,0,0.0,0.0,https://chalaoshi.de/t/452/
跨专业低风险,74.1,法律谈判,石一峰,光华法学院,4.66,364,8.92,137,16.8,跨专业,0,0.0,0.0,https://chalaoshi.de/t/6178/
跨专业低风险,73.6,中国民族音乐,周怡如,公共体育与艺术部,4.55,344,9.37,255,53.3,跨专业,0,10.5,0.0,https://chalaoshi.de/t/1652/
跨专业低风险,73.1,经济法,周黎明,经济学院,4.43,455,9.99,1561,6.7,跨专业,0,71.0,27.6,https://chalaoshi.de/t/391/
跨专业低风险,72.5,宗教学导论,王桂彩,人文学院,4.82,222,9.22,32,62.5,跨专业,0,0.0,0.0,https://chalaoshi.de/t/3004/
跨专业低风险,72.5,定向越野（初级班）,潘雯雯,公共体育与艺术部,4.64,500,9.94,262,79.8,跨专业,0,32.5,14.4,https://chalaoshi.de/t/1303/
跨专业低风险,72.4,绘画基础,王钟涛,人文学院,4.78,166,9.58,98,32.7,跨专业,0,0.0,0.0,https://chalaoshi.de/t/3072/
跨专业低风险,72.3,佛教梵语入门,何欢欢,人文学院,4.52,309,9.85,95,20.0,跨专业,0,9.0,3.0,https://chalaoshi.de/t/5038/
跨专业低风险,72.2,乒乓球(初级班）,陈烽,公共体育与艺术部,4.61,500,9.97,448,74.1,跨专业,0,15.0,2.0,https://chalaoshi.de/t/8/
跨专业低风险,72.2,媒介素养,吴赟,传媒与国际文化学院,4.53,390,9.73,97,26.8,跨专业,0,9.0,4.2,https://chalaoshi.de/t/3614/
跨专业低风险,72.0,社会调查,王书剑,光华法学院,4.96,294,4.34,40,80.0,跨专业,0,0.0,0.0,https://chalaoshi.de/t/4917/
跨专业低风险,72.0,普通物理学实验Ⅱ,陈水桥,物理学系,4.74,500,9.32,70,34.3,跨专业,1,0.0,0.0,https://chalaoshi.de/t/3251/
跨专业低风险,71.9,键盘乐艺术史,陈曦,控制科学与工程学院,4.45,208,9.9,142,28.9,跨专业,0,8.5,0.0,https://chalaoshi.de/t/1540/
跨专业低风险,71.8,药理学实验,朱虹,药学院,4.9,134,8.48,5,0.0,跨专业,1,0.0,0.0,https://chalaoshi.de/t/3495/
跨专业低风险,71.8,面向信息技术的沟通技巧,翁恺,计算机科学与技术学院,4.64,376,8.92,532,34.0,跨专业,0,0.0,0.0,https://chalaoshi.de/t/936/
跨专业低风险,71.7,定向越野（初级）,潘雯雯,公共体育与艺术部,4.64,377,9.94,262,79.8,跨专业,0,32.5,14.4,https://chalaoshi.de/t/1303/
跨专业低风险,71.7,打开艺术之门——中国画,高念华,公共体育与艺术部,4.53,174,9.97,504,41.5,跨专业,0,1.5,0.0,https://chalaoshi.de/t/3644/
跨专业低风险,71.5,教育社会学,刘超,教育学院,4.72,311,8.17,33,66.7,跨专业,0,2.0,1.2,https://chalaoshi.de/t/4304/
跨专业低风险,71.5,管理学,刘景江,管理学院,4.6,365,9.72,172,65.1,跨专业,0,27.0,3.2,https://chalaoshi.de/t/2095/
跨专业低风险,71.4,天线理论与设计,王浩刚,信息与电子工程学院,4.63,441,7.84,40,17.5,跨专业,0,0.0,0.0,https://chalaoshi.de/t/2566/
跨专业低风险,71.3,社会调查,卢鹭,人文学院,5.0,40,9.49,29,3.4,跨专业,0,0.0,0.0,https://chalaoshi.de/t/6776/
跨专业低风险,71.2,国际争端解决,毕莹,光华法学院,4.59,457,9.73,51,15.7,跨专业,0,3.5,2.4,https://chalaoshi.de/t/4421/
跨专业低风险,70.9,工程导论,顾征,公共管理学院,4.73,172,8.5,29,31.0,跨专业,0,0.0,0.0,https://chalaoshi.de/t/2993/
跨专业低风险,70.9,西方音乐简史,陈列,公共体育与艺术部,4.38,500,9.88,499,44.3,跨专业,0,46.0,14.5,https://chalaoshi.de/t/194/
跨专业低风险,70.7,专题设计训练,包红泽,建筑工程学院,4.91,107,9.76,57,28.1,跨专业,1,0.0,0.0,https://chalaoshi.de/t/3236/
跨专业低风险,70.7,印度哲学研究,何欢欢,人文学院,4.91,69,9.85,95,20.0,跨专业,0,0.0,0.0,https://chalaoshi.de/t/5038/
跨专业低风险,70.7,深度报道与非虚构写作,周睿鸣,传媒与国际文化学院,4.73,106,8.08,63,17.5,跨专业,0,0.0,0.0,https://chalaoshi.de/t/5466/
跨专业低风险,70.5,社会调查,李冬雪,人文学院,4.93,126,,0,,跨专业,0,0.0,0.0,https://chalaoshi.de/t/4098/
跨专业低风险,70.5,排舞,卢芬,公共体育与艺术部,4.66,500,9.68,67,97.0,跨专业,0,8.5,0.0,https://chalaoshi.de/t/2129/
跨专业低风险,70.4,汽车工程导论,熊树生,能源工程学院,4.78,93,9.65,38,31.6,跨专业,0,0.0,0.0,https://chalaoshi.de/t/3242/
跨专业低风险,70.4,出土文献研究,杨琼,人文学院,4.68,95,9.62,35,0.0,跨专业,0,1.5,0.0,https://chalaoshi.de/t/6668/
跨专业低风险,70.4,大学生朋辈心理辅导,潘贤林,能源工程学院,4.45,296,9.93,227,32.6,跨专业,0,0.0,0.0,https://chalaoshi.de/t/3018/
跨专业低风险,70.3,桨板瑜伽（初级）,许亚萍,公共体育与艺术部,4.72,221,9.91,247,91.1,跨专业,0,3.0,0.0,https://chalaoshi.de/t/1084/
跨专业低风险,70.3,乒乓球（初级）,陈烽,公共体育与艺术部,4.69,151,9.97,448,74.1,跨专业,0,15.0,2.0,https://chalaoshi.de/t/8/
跨专业低风险,70.1,政治学方法论,耿曙,公共管理学院,4.71,170,8.95,34,17.6,跨专业,0,0.0,0.0,https://chalaoshi.de/t/4693/
跨专业低风险,70.1,中国古代文学史Ⅱ,杨琼,人文学院,4.56,298,9.62,35,0.0,跨专业,0,0.0,0.0,https://chalaoshi.de/t/6668/
跨专业低风险,69.8,社会调查,李冬雪,光华法学院,4.93,126,6.47,31,64.5,跨专业,0,0.0,0.0,https://chalaoshi.de/t/4964/
跨专业低风险,69.8,社会学入门（H）,郦菁,公共管理学院,4.39,179,9.65,38,15.8,跨专业,0,6.5,0.0,https://chalaoshi.de/t/5779/
跨专业低风险,69.7,媒介经营管理,吴赟,传媒与国际文化学院,4.62,427,9.73,97,26.8,跨专业,0,1.0,2.2,https://chalaoshi.de/t/3614/
跨专业低风险,69.6,哲学导论,陈玮,医学院,4.84,54,9.34,18,5.6,跨专业,0,0.0,0.0,https://chalaoshi.de/t/2337/
跨专业低风险,69.6,创业管理,沈睿,计算机科学与技术学院,4.45,192,9.97,440,44.3,跨专业,0,1.5,0.0,https://chalaoshi.de/t/350/
跨专业低风险,69.5,中国共产党历史,尤云弟,思想政治理论教学科研部,4.35,500,9.98,678,35.3,跨专业,0,0.0,0.0,https://chalaoshi.de/t/3735/
跨专业低风险,69.3,当前文化现象与文学热点研究,翟业军,人文学院,4.52,286,9.1,188,8.0,跨专业,0,0.0,0.0,https://chalaoshi.de/t/4316/
跨专业低风险,69.2,计算医疗,黄正行,生物医学工程与仪器科学学院,4.68,133,9.38,38,15.8,跨专业,0,5.0,4.4,https://chalaoshi.de/t/3761/
跨专业低风险,69.2,设计艺术概论,李承华,人文学院,4.4,144,9.7,46,21.7,跨专业,0,9.0,0.0,https://chalaoshi.de/t/1194/
跨专业低风险,69.1,跆拳道,王大庆,公共体育与艺术部,4.59,500,9.94,237,94.5,跨专业,0,11.5,3.6,https://chalaoshi.de/t/1746/
跨专业低风险,69.1,打开艺术之门——钢琴,陈列,公共体育与艺术部,4.39,447,9.88,499,44.3,跨专业,0,0.0,0.0,https://chalaoshi.de/t/194/
跨专业低风险,69.0,法学基础,梁清华,思想政治理论教学科研部,4.45,500,9.87,904,54.3,跨专业,0,18.0,0.0,https://chalaoshi.de/t/282/
跨专业低风险,68.8,艺术体操（女：初级班）,陈莹莹,医学院,4.69,490,9.79,67,91.0,跨专业,2,8.5,4.2,https://chalaoshi.de/t/3482/
跨专业低风险,68.8,排舞,余保玲,公共体育与艺术部,4.65,500,9.88,126,92.9,跨专业,0,4.5,2.0,https://chalaoshi.de/t/1481/
跨专业低风险,68.8,视唱练耳,陈曦,控制科学与工程学院,4.37,484,9.9,142,28.9,跨专业,0,9.5,0.0,https://chalaoshi.de/t/1540/
跨专业低风险,68.7,小提琴艺术,周聪,公共体育与艺术部,4.46,500,9.53,96,43.8,跨专业,0,6.5,4.4,https://chalaoshi.de/t/227/
跨专业低风险,68.6,实验安全教育,谷长栋,材料科学与工程学院,4.75,423,6.29,14,78.6,跨专业,1,5.0,0.0,https://chalaoshi.de/t/2601/
跨专业低风险,68.6,法律谈判,周淳,光华法学院,4.69,239,6.62,89,44.9,跨专业,0,0.0,0.0,https://chalaoshi.de/t/4470/
跨专业低风险,68.5,数学暑期学校A,张挺,数学科学学院,4.87,64,9.24,191,23.6,跨专业,0,0.0,0.0,https://chalaoshi.de/t/1550/
跨专业低风险,68.5,大学写作——创意写作,朱首献,人文学院,4.32,491,9.91,162,33.3,跨专业,0,0.0,0.0,https://chalaoshi.de/t/1491/
跨专业低风险,68.4,舞龙舞狮（初级）,姜凯,公共体育与艺术部,4.69,310,9.91,167,95.2,跨专业,0,15.5,10.9,https://chalaoshi.de/t/6151/
跨专业低风险,68.4,声音与新媒体传播,王婧,传媒与国际文化学院,4.68,195,9.34,37,29.7,跨专业,0,0.0,0.0,https://chalaoshi.de/t/2406/
跨专业低风险,68.4,网球（初级班）,虞松坤,公共体育与艺术部,4.67,500,9.71,149,89.3,跨专业,0,0.0,0.0,https://chalaoshi.de/t/5101/
跨专业低风险,68.2,网球（初级班）,楼恒阳,公共体育与艺术部,4.67,500,9.97,433,92.4,跨专业,0,0.0,0.0,https://chalaoshi.de/t/2109/
跨专业低风险,68.2,前沿金融实务专题,朱燕建,经济学院,4.53,495,9.88,123,22.0,跨专业,0,0.0,0.0,https://chalaoshi.de/t/1032/
跨专业低风险,68.2,社会学（UPA）,林融,公共管理学院,4.31,158,9.86,164,11.0,跨专业,0,10.0,3.6,https://chalaoshi.de/t/318/
跨专业低风险,68.1,社会主义发展史,刘同舫,马克思主义学院,4.32,500,9.69,44,20.5,跨专业,0,3.0,0.0,https://chalaoshi.de/t/4293/
跨专业低风险,68.0,武术(初级：以拳术为主）,朱莉,公共体育与艺术部,4.63,500,9.92,182,94.5,跨专业,0,0.0,0.0,https://chalaoshi.de/t/1782/
跨专业低风险,68.0,跆拳道（初级）,王大庆,公共体育与艺术部,4.57,414,9.94,237,94.5,跨专业,0,11.5,3.6,https://chalaoshi.de/t/1746/
跨专业低风险,68.0,中国哲学原著研读,何善蒙,人文学院,4.45,277,9.76,344,11.9,跨专业,0,0.0,0.0,https://chalaoshi.de/t/1509/
跨专业低风险,67.9,哲学导论,陈玮,人文学院,4.84,54,9.71,47,27.7,跨专业,0,0.0,0.0,https://chalaoshi.de/t/4644/
跨专业低风险,67.9,色彩语言,王钟涛,人文学院,4.62,165,9.58,98,32.7,跨专业,0,0.0,0.0,https://chalaoshi.de/t/3072/
跨专业低风险,67.8,药理学实验,曹戟,药学院,4.84,143,8.74,7,28.6,跨专业,1,0.0,0.0,https://chalaoshi.de/t/6317/
跨专业低风险,67.8,游泳（中级班）,杨永明,公共体育与艺术部,4.61,500,9.93,204,82.4,跨专业,0,0.0,0.0,https://chalaoshi.de/t/1525/
跨专业低风险,67.6,药物科学研究实训,朱虹,药学院,4.54,315,8.48,5,0.0,跨专业,0,0.0,0.0,https://chalaoshi.de/t/3495/
跨专业低风险,67.6,职业生涯规划B,蔡云,数学科学学院,4.37,500,9.98,614,30.5,跨专业,0,0.0,0.0,https://chalaoshi.de/t/3671/
跨专业低风险,67.5,游泳（初级）,金雷,公共体育与艺术部,4.69,369,9.9,151,85.4,跨专业,0,0.0,0.0,https://chalaoshi.de/t/1776/
跨专业低风险,67.5,马克思主义宗教学,何欢欢,人文学院,4.56,99,9.85,95,20.0,跨专业,0,5.5,2.4,https://chalaoshi.de/t/5038/
跨专业低风险,67.5,职业生涯规划,郑尧丽,本科生院,4.51,500,5.89,104,44.2,跨专业,0,15.0,4.0,https://chalaoshi.de/t/5849/
跨专业低风险,67.5,新中国史,赵晖,思想政治理论教学科研部,4.46,500,9.98,944,37.8,跨专业,0,5.0,3.6,https://chalaoshi.de/t/1546/
跨专业低风险,67.4,游泳（中级班）,赵峰,公共体育与艺术部,4.68,427,9.86,102,88.2,跨专业,0,0.0,0.0,https://chalaoshi.de/t/6786/
跨专业低风险,67.4,现代仿生科学和工程导论,胡瑞芬,控制科学与工程学院,4.39,384,9.38,57,19.3,跨专业,0,0.0,0.0,https://chalaoshi.de/t/1475/
跨专业低风险,67.3,舞龙舞狮,姜凯,公共体育与艺术部,4.61,500,9.91,167,95.2,跨专业,0,15.5,10.9,https://chalaoshi.de/t/6151/
跨专业低风险,67.3,事实核查,周睿鸣,传媒与国际文化学院,4.48,136,8.08,63,17.5,跨专业,0,10.5,1.2,https://chalaoshi.de/t/5466/
跨专业低风险,67.3,新闻编辑,汪凯,传媒与国际文化学院,4.38,476,9.84,90,6.7,跨专业,0,1.5,0.0,https://chalaoshi.de/t/1744/
跨专业低风险,67.2,汽车工程导论,姚栋伟,能源工程学院,4.78,93,9.34,18,55.6,跨专业,0,0.0,0.0,https://chalaoshi.de/t/3117/
跨专业低风险,67.2,国际证券市场导论,王新宇,计算机科学与技术学院,4.62,184,5.59,26,42.3,跨专业,0,1.5,0.0,https://chalaoshi.de/t/1705/
跨专业低风险,67.2,广播电视学,黄广生,传媒与国际文化学院,4.59,263,9.51,26,26.9,跨专业,0,0.0,0.0,https://chalaoshi.de/t/5931/
跨专业低风险,67.2,文化构成与创新设计,杨颖,计算机科学与技术学院,4.57,231,6.51,36,19.4,跨专业,0,0.0,0.0,https://chalaoshi.de/t/329/
跨专业低风险,67.2,大学生朋辈心理辅导,李娟,本科生院学生工作处,4.49,437,9.77,61,62.3,跨专业,0,0.0,0.0,https://chalaoshi.de/t/4954/
跨专业低风险,67.2,土木、水利与交通工程导论,许贤,建筑工程学院,4.46,187,8.85,15,0.0,跨专业,0,0.0,0.0,https://chalaoshi.de/t/3606/
跨专业低风险,67.2,比较媒介体制,周睿鸣,传媒与国际文化学院,4.42,210,8.08,63,17.5,跨专业,0,10.5,1.2,https://chalaoshi.de/t/5466/
跨专业低风险,67.1,社会主义发展史,吴旭平,思想政治理论教学科研部,4.32,500,9.97,587,58.9,跨专业,0,4.5,0.0,https://chalaoshi.de/t/1112/
跨专业低风险,67.1,中国共产党历史,甘均先,思想政治理论教学科研部,4.28,500,9.76,1072,44.2,跨专业,0,0.0,0.0,https://chalaoshi.de/t/3426/
跨专业低风险,67.0,哲学导论,陈玮,外国语言文化与国际交流学院,4.84,54,8.79,15,26.7,跨专业,0,0.0,0.0,https://chalaoshi.de/t/235/
跨专业低风险,67.0,传统建筑测绘,王雷,建筑工程学院,4.57,196,9.48,28,10.7,跨专业,0,0.0,0.0,https://chalaoshi.de/t/1598/
跨专业低风险,67.0,经济学文献选读与论文写作,梁友莎,经济学院,4.47,144,9.81,75,13.3,跨专业,0,0.0,0.0,https://chalaoshi.de/t/4934/
跨专业低风险,66.9,跆拳道(中级班),王大庆,公共体育与艺术部,4.67,139,9.94,237,94.5,跨专业,0,11.5,3.6,https://chalaoshi.de/t/1746/
跨专业低风险,66.9,农业经济学研究方法导论,陈帅,公共管理学院,4.65,103,9.11,12,25.0,跨专业,0,0.0,0.0,https://chalaoshi.de/t/5330/
跨专业低风险,66.9,马克思主义基本原理（H）,吴旭平,思想政治理论教学科研部,4.53,500,9.97,587,58.9,跨专业,0,1.5,2.2,https://chalaoshi.de/t/1112/
跨专业低风险,66.9,思想道德与法治,孙幼波,求是学院,4.52,235,8.99,97,49.5,跨专业,0,5.0,1.2,https://chalaoshi.de/t/3564/
跨专业低风险,66.8,世界科学技术史,王淼,物理学系,4.46,441,9.78,148,73.6,跨专业,0,14.0,1.0,https://chalaoshi.de/t/845/
跨专业低风险,66.7,乒乓球(初级班）,恽冰,公共体育与艺术部,4.48,500,9.9,204,86.8,跨专业,0,26.5,0.0,https://chalaoshi.de/t/1972/
跨专业低风险,66.6,药理学实验,朱丹雁,药学院,4.9,134,7.75,6,50.0,跨专业,1,0.0,0.0,https://chalaoshi.de/t/2026/
跨专业低风险,66.6,游泳(初级班）,赵峰,公共体育与艺术部,4.64,500,9.86,102,88.2,跨专业,0,0.0,0.0,https://chalaoshi.de/t/6786/
跨专业低风险,66.6,出土文献研究,胡可先,人文学院,4.63,122,9.75,125,22.4,跨专业,0,0.0,0.0,https://chalaoshi.de/t/202/
跨专业低风险,66.6,游泳（中级班）,黄力,公共体育与艺术部,4.59,500,9.93,215,80.0,跨专业,0,0.0,0.0,https://chalaoshi.de/t/1250/
跨专业低风险,66.6,中国社会史,吴铮强,人文学院,4.41,75,9.45,78,10.3,跨专业,0,8.0,3.6,https://chalaoshi.de/t/1790/
跨专业低风险,66.4,太极拳（初级班）,朱莉,公共体育与艺术部,4.62,233,9.92,182,94.5,跨专业,0,3.0,1.2,https://chalaoshi.de/t/1782/
跨专业低风险,66.3,排球,楼恒阳,公共体育与艺术部,4.78,133,9.97,433,92.4,跨专业,0,0.0,0.0,https://chalaoshi.de/t/2109/
跨专业低风险,66.3,游泳（中级班）,鲁茜,公共体育与艺术部,4.63,500,9.89,137,89.1,跨专业,0,0.0,0.0,https://chalaoshi.de/t/3631/
跨专业低风险,66.3,编辑出版学概论,陈洁,人文学院,4.61,96,9.39,35,25.7,跨专业,0,0.0,0.0,https://chalaoshi.de/t/3343/
跨专业低风险,66.3,中国绘画史,高念华,公共体育与艺术部,4.32,500,9.97,504,41.5,跨专业,0,19.0,8.0,https://chalaoshi.de/t/3644/
跨专业低风险,66.2,当代语言学,汪运起,外国语言文化与国际交流学院,4.34,292,9.9,150,25.3,跨专业,0,4.5,0.0,https://chalaoshi.de/t/55/
跨专业低风险,66.1,职业生涯规划,蔡云,数学科学学院,4.49,500,9.98,614,30.5,跨专业,0,2.0,6.0,https://chalaoshi.de/t/3671/
跨专业低风险,66.1,新闻传播经典原著选读,邵志择,传媒与国际文化学院,4.39,336,9.6,116,10.3,跨专业,0,0.0,0.0,https://chalaoshi.de/t/1262/
跨专业低风险,66.1,经济法理论与实务,周黎明,经济学院,4.2,500,9.99,1561,6.7,跨专业,0,22.5,10.6,https://chalaoshi.de/t/391/
跨专业低风险,66.0,药理学实验,罗沛华,药学院,4.82,125,7.58,10,30.0,跨专业,1,0.0,0.0,https://chalaoshi.de/t/3220/
跨专业低风险,66.0,艺术体操（女：初级）,陈莹莹,医学院,4.68,231,9.79,67,91.0,跨专业,2,8.5,4.2,https://chalaoshi.de/t/3482/
跨专业低风险,66.0,危机传播,纪盈如,传媒与国际文化学院,4.62,134,8.02,47,40.4,跨专业,0,4.0,1.0,https://chalaoshi.de/t/6976/
跨专业低风险,66.0,唐宋诗歌研究,咸晓婷,人文学院,4.43,307,8.82,83,26.5,跨专业,0,2.0,0.0,https://chalaoshi.de/t/2910/
跨专业低风险,65.9,形势与政策Ⅰ,潘贤林,能源工程学院,4.36,500,9.93,227,32.6,跨专业,0,0.0,0.0,https://chalaoshi.de/t/3018/
跨专业低风险,65.9,社会学概论,林融,公共管理学院,4.31,75,9.86,164,11.0,跨专业,0,8.0,1.2,https://chalaoshi.de/t/318/
跨专业低风险,65.8,思想道德与法治,蔡云,数学科学学院,4.54,76,9.98,614,30.5,跨专业,0,1.0,1.0,https://chalaoshi.de/t/3671/
跨专业低风险,65.7,信号分析与处理综合实验,孙晖,电气工程学院,4.76,133,9.58,115,51.3,跨专业,1,0.0,0.0,https://chalaoshi.de/t/177/
跨专业低风险,65.7,戏剧影视艺术,徐群晖,传媒与国际文化学院,4.72,304,1.8,67,52.2,跨专业,0,0.0,0.0,https://chalaoshi.de/t/1821/
跨专业低风险,65.7,网球（初级班）,楼恒阳,教育学院,4.67,500,,0,,跨专业,0,0.0,0.0,https://chalaoshi.de/t/4071/
跨专业低风险,65.7,皮划艇（初级）,许亚萍,公共体育与艺术部,4.58,159,9.91,247,91.1,跨专业,0,23.0,0.0,https://chalaoshi.de/t/1084/
跨专业低风险,65.7,乒乓球（中级班）,陈烽,公共体育与艺术部,4.55,128,9.97,448,74.1,跨专业,0,15.0,2.0,https://chalaoshi.de/t/8/
跨专业低风险,65.7,乒乓球（初级）,恽冰,公共体育与艺术部,4.47,375,9.9,204,86.8,跨专业,0,26.5,0.0,https://chalaoshi.de/t/1972/
跨专业低风险,65.7,管理沟通,应天煜,管理学院,4.26,402,9.46,47,36.2,跨专业,0,6.0,0.0,https://chalaoshi.de/t/4121/
跨专业低风险,65.6,篮球（中级班）,董晓虹,公共体育与艺术部,4.61,500,9.91,172,92.4,跨专业,0,0.0,0.0,https://chalaoshi.de/t/989/
跨专业低风险,65.6,当代宗教哲学,王桂彩,人文学院,4.61,209,9.22,32,62.5,跨专业,0,2.0,0.0,https://chalaoshi.de/t/3004/
跨专业低风险,65.6,经济法案例研习,郑观,法学院,4.5,268,9.75,66,21.2,跨专业,0,0.0,0.0,https://chalaoshi.de/t/1927/
跨专业低风险,65.5,社会创新Lab,苗青,公共管理学院,4.99,37,8.52,129,51.9,跨专业,0,0.0,0.0,https://chalaoshi.de/t/1364/
跨专业低风险,65.5,啦啦操,郭虹,公共体育与艺术部,4.74,500,8.85,176,91.5,跨专业,0,4.0,4.5,https://chalaoshi.de/t/691/
跨专业低风险,65.5,流场分析,谢海波,机械工程学院,4.65,308,8.71,24,70.8,跨专业,0,0.0,0.0,https://chalaoshi.de/t/3383/
跨专业低风险,65.5,武术（初级：以拳术为主）,朱莉,公共体育与艺术部,4.58,367,9.92,182,94.5,跨专业,0,0.0,0.0,https://chalaoshi.de/t/1782/
跨专业低风险,65.5,游泳(初级班）,黄力,公共体育与艺术部,4.57,417,9.93,215,80.0,跨专业,0,0.0,0.0,https://chalaoshi.de/t/1250/
跨专业低风险,65.5,体育舞蹈,余保玲,公共体育与艺术部,4.55,500,9.88,126,92.9,跨专业,0,2.0,0.0,https://chalaoshi.de/t/1481/
跨专业低风险,65.5,伦理学原理与实践,刘于思,传媒与国际文化学院,4.5,150,9.89,139,10.8,跨专业,1,0.0,0.0,https://chalaoshi.de/t/121/
跨专业低风险,65.5,世界科学技术史,王淼,人文学院,4.46,441,9.19,135,80.7,跨专业,0,28.0,4.6,https://chalaoshi.de/t/4245/
跨专业低风险,65.5,视唱练耳,陈列,公共体育与艺术部,4.36,377,9.88,499,44.3,跨专业,0,32.0,26.3,https://chalaoshi.de/t/194/
跨专业低风险,65.5,职业生涯规划A,蔡云,数学科学学院,4.36,246,9.98,614,30.5,跨专业,0,0.0,0.0,https://chalaoshi.de/t/3671/
跨专业低风险,65.5,史学导论,孙英刚,人文学院,4.24,145,9.12,14,0.0,跨专业,0,6.0,0.0,https://chalaoshi.de/t/5525/
跨专业低风险,65.4,剑术,朱莉,公共体育与艺术部,4.59,179,9.92,182,94.5,跨专业,0,5.0,1.2,https://chalaoshi.de/t/1782/
跨专业低风险,65.4,大学生朋辈心理辅导,潘贤林,化学系,4.45,296,9.58,31,35.5,跨专业,0,0.0,0.0,https://chalaoshi.de/t/5162/
跨专业低风险,65.3,汽车工程导论,黄钰期,能源工程学院,4.78,93,8.28,16,68.8,跨专业,0,0.0,0.0,https://chalaoshi.de/t/3205/
跨专业低风险,65.3,职业生涯规划,马婕,求是学院,4.47,263,9.48,71,50.7,跨专业,0,3.0,0.0,https://chalaoshi.de/t/2447/
跨专业低风险,65.3,中国历史专题,陈志坚,人文学院,4.38,125,9.65,98,8.2,跨专业,0,0.0,0.0,https://chalaoshi.de/t/1773/
跨专业低风险,65.2,探究性与创新性实验,彭宇,建筑工程学院,4.61,216,8.83,8,50.0,跨专业,1,3.5,0.0,https://chalaoshi.de/t/3645/
跨专业低风险,65.2,乒乓球（高级班）,恽冰,公共体育与艺术部,4.53,182,9.9,204,86.8,跨专业,0,26.5,0.0,https://chalaoshi.de/t/1972/
跨专业低风险,65.1,美学导论,林玮,传媒与国际文化学院,4.85,72,6.1,91,50.5,跨专业,0,0.0,0.0,https://chalaoshi.de/t/4679/
跨专业低风险,65.1,古典与流行音乐鉴赏,陈曦,控制科学与工程学院,4.55,62,9.9,142,28.9,跨专业,0,0.0,0.0,https://chalaoshi.de/t/1540/
跨专业低风险,65.1,药物科学研究实训,张翔南,药学院,4.54,315,7.63,44,25.0,跨专业,0,0.0,0.0,https://chalaoshi.de/t/2455/
跨专业低风险,65.1,土木、水利与交通工程导论,肖南,建筑工程学院,4.46,187,7.76,25,8.0,跨专业,0,0.0,0.0,https://chalaoshi.de/t/2405/
跨专业低风险,65.1,自我探索与心理成长,李娟,本科生院学生工作处,4.45,312,9.77,61,62.3,跨专业,0,0.0,0.0,https://chalaoshi.de/t/4954/
跨专业低风险,65.0,社区卫生服务,王建安,医学院,4.79,157,8.04,5,20.0,跨专业,2,0.0,0.0,https://chalaoshi.de/t/108/
跨专业低风险,65.0,游泳(初级班）,鲁茜,公共体育与艺术部,4.59,500,9.89,137,89.1,跨专业,0,0.0,0.0,https://chalaoshi.de/t/3631/
跨专业低风险,65.0,数值计算方法,施建峰,能源工程学院,4.55,170,8.92,9,11.1,跨专业,0,0.0,0.0,https://chalaoshi.de/t/3818/
跨专业低风险,65.0,乒乓球（中级班）,恽冰,公共体育与艺术部,4.46,331,9.9,204,86.8,跨专业,0,26.5,0.0,https://chalaoshi.de/t/1972/
跨专业低风险,64.9,社会调查,朱首献,人文学院,4.93,18,9.91,162,33.3,跨专业,0,0.0,0.0,https://chalaoshi.de/t/1491/
跨专业低风险,64.9,全生命周期健康II,舒强,医学院,4.88,258,,0,,跨专业,2,0.0,0.0,https://chalaoshi.de/t/5832/
跨专业低风险,64.9,课程综合实践Ⅱ,黄正行,生物医学工程与仪器科学学院,4.72,79,9.38,38,15.8,跨专业,1,0.0,0.0,https://chalaoshi.de/t/3761/
跨专业低风险,64.8,商事案例研习,周淳,光华法学院,4.87,83,6.62,89,44.9,跨专业,0,0.0,0.0,https://chalaoshi.de/t/4470/
跨专业低风险,64.8,大学生朋辈心理辅导,蔡云,计划财务处,4.59,307,,0,,跨专业,0,0.0,0.0,https://chalaoshi.de/t/4349/
跨专业低风险,64.8,药物科学研究实训,余露山,药学院,4.54,315,4.01,7,14.3,跨专业,0,0.0,0.0,https://chalaoshi.de/t/863/
跨专业低风险,64.8,人文社科概论,朱天飚,社会科学研究院,4.5,41,9.68,42,11.9,跨专业,0,3.0,0.0,https://chalaoshi.de/t/5321/
跨专业低风险,64.8,西方文论,朱首献,人文学院,4.47,78,9.91,162,33.3,跨专业,0,2.5,0.0,https://chalaoshi.de/t/1491/
跨专业低风险,64.8,中国近现代史纲要（H）,尤云弟,思想政治理论教学科研部,4.38,185,9.98,678,35.3,跨专业,0,0.0,0.0,https://chalaoshi.de/t/3735/
跨专业低风险,64.8,文学理论,朱首献,人文学院,4.33,500,9.91,162,33.3,跨专业,0,7.5,7.7,https://chalaoshi.de/t/1491/
跨专业低风险,64.7,中国共产党历史,陈丹,马克思主义学院,4.33,500,9.85,121,71.9,跨专业,0,0.0,0.0,https://chalaoshi.de/t/6497/
跨专业低风险,64.6,汽车工程导论,俞小莉,能源工程学院,4.78,93,,0,,跨专业,0,0.0,0.0,https://chalaoshi.de/t/2708/
跨专业低风险,64.6,汽车工程导论,朱绍鹏,控制科学与工程学院,4.78,93,,0,,跨专业,0,0.0,0.0,https://chalaoshi.de/t/4247/
跨专业低风险,64.6,汽车工程导论,郑旭,能源工程学院,4.78,93,,0,,跨专业,0,0.0,0.0,https://chalaoshi.de/t/5962/
跨专业低风险,64.6,艺术实训与展演——书画篆刻Ⅰ,高念华,公共体育与艺术部,4.61,37,9.97,504,41.5,跨专业,0,0.0,0.0,https://chalaoshi.de/t/3644/
跨专业低风险,64.6,大学生朋辈心理辅导,孙大雁,求是学院,4.45,352,9.01,28,46.4,跨专业,0,0.0,0.0,https://chalaoshi.de/t/4465/
跨专业低风险,64.6,哲学问题,王礼平,人文学院,4.37,188,9.85,96,24.0,跨专业,0,7.5,4.0,https://chalaoshi.de/t/128/
跨专业低风险,64.6,移动通信技术与社会变迁,余官定,信息与电子工程学院,4.34,182,9.81,95,21.1,跨专业,0,1.5,0.0,https://chalaoshi.de/t/3479/
跨专业低风险,64.6,宏观经济学（甲）,蔡庆兵,经济学院,4.19,500,9.96,415,12.3,跨专业,0,1.5,2.0,https://chalaoshi.de/t/452/
跨专业低风险,64.5,社会调查,史文磊,人文学院,4.99,23,9.12,38,15.8,跨专业,0,0.0,0.0,https://chalaoshi.de/t/1823/
跨专业低风险,64.5,英语演讲,陈艳华,外国语言文化与国际交流学院,4.55,194,9.88,121,44.6,跨专业,0,0.0,0.0,https://chalaoshi.de/t/793/
跨专业低风险,64.5,土木、水利与交通工程导论,吴珂,建筑工程学院,4.46,187,9.32,18,27.8,跨专业,0,0.0,0.0,https://chalaoshi.de/t/2850/
跨专业低风险,64.5,创业基础,黄凌霞,动物科学学院,4.44,330,9.37,26,84.6,跨专业,0,9.0,4.8,https://chalaoshi.de/t/3630/
跨专业低风险,64.5,大学写作——写作·社会,马高明,公共管理学院,4.39,429,9.49,25,36.0,跨专业,0,0.0,0.0,https://chalaoshi.de/t/6940/
跨专业低风险,64.4,前沿数学专题讨论,毕惟红,数学科学学院,4.78,54,9.39,417,30.9,跨专业,0,0.0,0.0,https://chalaoshi.de/t/1/
跨专业低风险,64.4,健美操（初级班）,朱晓龙,公共体育与艺术部,4.65,500,9.27,148,81.1,跨专业,0,0.0,1.2,https://chalaoshi.de/t/402/
跨专业低风险,64.4,集成电路导论,张睿,信息与电子工程学院,4.63,46,9.11,30,6.7,跨专业,0,0.0,0.0,https://chalaoshi.de/t/5115/
跨专业低风险,64.4,网球（中级班）,虞松坤,公共体育与艺术部,4.57,370,9.71,149,89.3,跨专业,0,0.0,0.0,https://chalaoshi.de/t/5101/
跨专业低风险,64.4,中西人文精神与文学精神,朱首献,人文学院,4.31,348,9.91,162,33.3,跨专业,0,0.0,0.0,https://chalaoshi.de/t/1491/
跨专业低风险,64.3,司法实习,李永明,法学院,4.87,165,4.38,14,35.7,跨专业,2,0.0,0.0,https://chalaoshi.de/t/1219/
跨专业低风险,64.3,啦啦操（中级班）,郭虹,公共体育与艺术部,4.83,181,8.85,176,91.5,跨专业,0,4.0,4.5,https://chalaoshi.de/t/691/
跨专业低风险,64.3,工程导论,孔寒冰,公共管理学院,4.7,126,,0,,跨专业,0,0.0,0.0,https://chalaoshi.de/t/3553/
跨专业低风险,64.3,历史社会学,张弛,人文学院,4.54,60,9.31,95,34.7,跨专业,0,2.0,0.0,https://chalaoshi.de/t/2612/
跨专业低风险,64.3,中国近现代史纲要（H）,甘均先,思想政治理论教学科研部,4.32,278,9.76,1072,44.2,跨专业,0,2.5,0.0,https://chalaoshi.de/t/3426/
跨专业低风险,64.2,数学暑期学校B,张挺,数学科学学院,4.71,58,9.24,191,23.6,跨专业,0,0.0,0.0,https://chalaoshi.de/t/1550/
跨专业低风险,64.2,药物研发综合实验,盛荣,药学院,4.66,420,7.55,21,52.4,跨专业,1,0.0,0.0,https://chalaoshi.de/t/2384/
跨专业低风险,64.2,药物科学研究实训,李丹,药学院,4.55,200,8.83,8,25.0,跨专业,0,0.0,0.0,https://chalaoshi.de/t/3665/
跨专业低风险,64.2,粮食安全与能源安全,龚斌磊,公共管理学院,4.54,126,9.37,23,30.4,跨专业,0,7.0,5.4,https://chalaoshi.de/t/5315/
跨专业低风险,64.2,皮划艇,许亚萍,公共体育与艺术部,4.51,182,9.91,247,91.1,跨专业,0,23.0,0.0,https://chalaoshi.de/t/1084/
跨专业低风险,64.2,思想道德与法治,彭鹏,马克思主义学院,4.46,500,9.93,224,83.0,跨专业,0,0.0,0.0,https://chalaoshi.de/t/6874/
跨专业低风险,64.2,托福写作,傅莹,外国语言文化与国际交流学院,4.23,324,9.95,309,28.8,跨专业,0,2.0,0.0,https://chalaoshi.de/t/1384/
跨专业低风险,64.1,汽车工程导论,朱绍鹏,能源工程学院,4.78,93,5.29,12,66.7,跨专业,0,0.0,0.0,https://chalaoshi.de/t/1051/
跨专业低风险,64.1,供应链整合,霍宝锋,管理学院,4.74,61,8.42,8,12.5,跨专业,0,0.0,0.0,https://chalaoshi.de/t/2972/
跨专业低风险,64.1,无线网络应用,张昱,信息与电子工程学院,4.33,500,9.94,249,56.2,跨专业,0,10.0,5.9,https://chalaoshi.de/t/1347/
跨专业低风险,64.1,中国近现代史纲要,甘均先,思想政治理论教学科研部,4.27,500,9.76,1072,44.2,跨专业,0,2.5,0.0,https://chalaoshi.de/t/3426/
跨专业低风险,64.0,药物科学研究实训,杨晓春,药学院,4.54,315,7.77,6,33.3,跨专业,0,0.0,0.0,https://chalaoshi.de/t/1574/
跨专业低风险,64.0,汽车导论,熊树生,能源工程学院,4.53,91,9.65,38,31.6,跨专业,0,0.0,0.0,https://chalaoshi.de/t/3242/
跨专业低风险,64.0,先进控制基础,王雷,建筑工程学院,4.51,141,9.48,28,10.7,跨专业,0,0.0,0.0,https://chalaoshi.de/t/1598/
跨专业低风险,64.0,大学生朋辈心理辅导,陈南菲,本科生院学生工作处,4.5,318,8.77,144,60.4,跨专业,0,0.0,0.0,https://chalaoshi.de/t/4978/
跨专业低风险,64.0,新闻采访与写作,沈爱国,传媒与国际文化学院,4.22,500,9.73,64,14.1,跨专业,0,0.0,0.0,https://chalaoshi.de/t/1637/
跨专业低风险,63.9,探究性与创新性实验,祝丽丽,建筑工程学院,4.61,216,8.48,5,20.0,跨专业,1,0.0,0.0,https://chalaoshi.de/t/559/
跨专业低风险,63.9,现代文学思潮研究,张广海,人文学院,4.41,488,9.58,159,54.7,跨专业,0,4.0,1.2,https://chalaoshi.de/t/3569/
跨专业低风险,63.9,新媒体概论,韦路,传媒与国际文化学院,4.31,400,6.67,79,51.9,跨专业,0,12.0,1.0,https://chalaoshi.de/t/3632/
跨专业低风险,63.9,文艺美学,王建刚,传媒与国际文化学院,4.29,324,9.45,77,9.1,跨专业,0,4.0,1.2,https://chalaoshi.de/t/561/
跨专业低风险,63.8,文化资源调查与信息管理,傅翼,人文学院,4.81,58,8.69,22,59.1,跨专业,0,0.0,0.0,https://chalaoshi.de/t/1093/
跨专业低风险,63.8,排球,楼恒阳,教育学院,4.78,133,,0,,跨专业,0,0.0,0.0,https://chalaoshi.de/t/4071/
跨专业低风险,63.8,艺术体操(初级班）,陈莹莹,医学院,4.67,148,9.79,67,91.0,跨专业,2,8.5,4.2,https://chalaoshi.de/t/3482/
跨专业低风险,63.8,高尔夫球,楼恒阳,公共体育与艺术部,4.53,500,9.97,433,92.4,跨专业,0,0.0,0.0,https://chalaoshi.de/t/2109/
跨专业低风险,63.8,网络传播与社会,叶琼丰,传媒与国际文化学院,4.37,429,8.2,135,45.9,跨专业,0,0.0,0.0,https://chalaoshi.de/t/603/
跨专业低风险,63.8,马克思主义基本原理概论（H）,吴旭平,思想政治理论教学科研部,4.34,287,9.97,587,58.9,跨专业,0,0.0,0.0,https://chalaoshi.de/t/1112/
跨专业低风险,63.8,网络空间安全导论,张秉晟,计算机科学与技术学院,4.29,351,8.9,32,6.2,跨专业,0,0.0,0.0,https://chalaoshi.de/t/6500/
跨专业低风险,63.8,汉字与东亚文化,陈辉,人文学院,4.12,332,9.53,183,18.6,跨专业,0,18.0,9.0,https://chalaoshi.de/t/2152/
跨专业低风险,63.7,药物科学研究实训,曹戟,药学院,4.55,200,8.74,7,28.6,跨专业,0,0.0,0.0,https://chalaoshi.de/t/6317/
跨专业低风险,63.7,中国外交,甘均先,思想政治理论教学科研部,4.46,82,9.76,1072,44.2,跨专业,0,0.0,0.0,https://chalaoshi.de/t/3426/
跨专业低风险,63.7,中国传统文化与教育,陈胜,教育学院,4.41,314,8.43,36,86.1,跨专业,0,6.0,0.0,https://chalaoshi.de/t/1120/
跨专业低风险,63.7,法学基础,蔡晓卫,思想政治理论教学科研部,4.4,332,6.91,249,42.6,跨专业,0,16.5,7.9,https://chalaoshi.de/t/1402/
跨专业低风险,63.7,中国近现代史纲要（H）,赵晖,思想政治理论教学科研部,4.37,500,9.98,944,37.8,跨专业,0,0.0,0.0,https://chalaoshi.de/t/1546/
跨专业低风险,63.7,中国共产党历史,程早霞,马克思主义学院,4.36,500,9.78,180,41.1,跨专业,0,0.0,0.0,https://chalaoshi.de/t/4478/
跨专业低风险,63.7,新中国史,肖如平,人文学院,4.33,500,9.61,48,60.4,跨专业,0,20.0,7.0,https://chalaoshi.de/t/86/
跨专业低风险,63.7,设计概论,李承华,人文学院,4.33,187,9.7,46,21.7,跨专业,0,0.0,0.0,https://chalaoshi.de/t/1194/
跨专业低风险,63.6,能源与环境实验Ⅰ,朱燕群,能源工程学院,4.77,228,,0,,跨专业,1,0.0,0.0,https://chalaoshi.de/t/2822/
跨专业低风险,63.6,中外教育交流史,刘超,教育学院,4.74,111,8.17,33,66.7,跨专业,0,0.0,0.0,https://chalaoshi.de/t/4304/
跨专业低风险,63.6,社会组织与社会治理（UPA）,沈永东,公共管理学院,4.72,131,6.1,24,70.8,跨专业,0,0.0,0.0,https://chalaoshi.de/t/5028/
跨专业低风险,63.6,优化基本理论与方法,钱徽,计算机科学与技术学院,4.48,190,9.83,155,4.5,跨专业,2,0.0,0.0,https://chalaoshi.de/t/3427/
跨专业低风险,63.6,思想道德与法治,潘贤林,能源工程学院,4.47,306,9.93,227,32.6,跨专业,0,0.0,3.2,https://chalaoshi.de/t/3018/
跨专业低风险,63.6,中国古代文学史Ⅱ,咸晓婷,人文学院,4.41,358,8.82,83,26.5,跨专业,0,0.0,0.0,https://chalaoshi.de/t/2910/
跨专业低风险,63.6,都市文化与华语文学,金进,人文学院,4.36,500,6.9,152,75.0,跨专业,0,9.5,1.2,https://chalaoshi.de/t/4969/
跨专业低风险,63.6,历史社会学,郦菁,公共管理学院,4.36,151,9.65,38,15.8,跨专业,0,0.0,0.0,https://chalaoshi.de/t/5779/
跨专业低风险,63.6,新制度经济学,张翔,公共管理学院,4.13,500,9.96,423,9.0,跨专业,0,21.0,6.2,https://chalaoshi.de/t/734/
跨专业低风险,63.5,篮球（中级班）,刘博,公共体育与艺术部,4.59,427,9.87,111,97.3,跨专业,0,0.0,0.0,https://chalaoshi.de/t/4835/
跨专业低风险,63.5,能源与环境技术进展,陈坚红,能源工程学院,4.41,373,8.92,12,16.7,跨专业,0,0.0,0.0,https://chalaoshi.de/t/405/
跨专业低风险,63.5,法律诊所,高艳东,法学院,4.4,172,8.32,169,24.3,跨专业,0,0.0,0.0,https://chalaoshi.de/t/1772/
跨专业低风险,63.5,东亚历史与文化,周妍,人文学院,4.39,72,9.39,20,25.0,跨专业,0,3.5,0.0,https://chalaoshi.de/t/6944/
跨专业低风险,63.5,职业生涯规划,李济沅,电气工程学院,4.38,285,9.93,201,22.9,跨专业,0,0.0,0.0,https://chalaoshi.de/t/4334/
跨专业低风险,63.5,法学基础,封丽萍,思想政治理论教学科研部,4.33,500,9.8,350,71.7,跨专业,0,47.0,6.8,https://chalaoshi.de/t/1569/
跨专业低风险,63.5,社会主义发展史,卢江,马克思主义学院,4.3,500,9.92,177,40.7,跨专业,0,0.0,0.0,https://chalaoshi.de/t/3943/
跨专业低风险,63.5,国际商法,周黎明,经济学院,4.14,354,9.99,1561,6.7,跨专业,0,1.0,1.0,https://chalaoshi.de/t/391/
跨专业低风险,63.4,专题设计训练,邓华,建筑工程学院,4.91,107,,0,,跨专业,1,0.0,0.0,https://chalaoshi.de/t/5232/
跨专业低风险,63.4,法律诊所,章剑生,法学院,4.4,172,8.58,96,12.5,跨专业,0,0.0,0.0,https://chalaoshi.de/t/2590/
跨专业低风险,63.4,社会科学研究方法,刘于思,传媒与国际文化学院,4.29,258,9.89,139,10.8,跨专业,0,1.0,1.0,https://chalaoshi.de/t/121/
跨专业低风险,63.4,诺贝尔奖与生命健康,帅亚俊,动物科学学院,4.29,198,9.52,41,26.8,跨专业,0,8.5,0.0,https://chalaoshi.de/t/6543/
跨专业低风险,63.3,药理学实验,应美丹,药学院,4.84,143,,0,,跨专业,1,0.0,0.0,https://chalaoshi.de/t/3651/
跨专业低风险,63.3,宗教社会学,孙艳菲,公共管理学院,4.65,75,8.48,5,40.0,跨专业,0,0.0,0.0,https://chalaoshi.de/t/5630/
跨专业低风险,63.3,服务创新设计,柴春雷,计算机科学与技术学院,4.55,191,8.65,15,33.3,跨专业,0,0.0,0.0,https://chalaoshi.de/t/685/
跨专业低风险,63.3,游泳（中级）,杨永明,公共体育与艺术部,4.53,254,9.93,204,82.4,跨专业,0,0.0,0.0,https://chalaoshi.de/t/1525/
跨专业低风险,63.3,药物科学研究实训,侯廷军,药学院,4.52,115,8.48,5,0.0,跨专业,0,0.0,0.0,https://chalaoshi.de/t/5195/
跨专业低风险,63.2,药理学实验,丁玲,药学院,4.74,101,9.24,15,33.3,跨专业,1,0.0,0.0,https://chalaoshi.de/t/2336/
跨专业低风险,63.2,日语视听说 I,李文超,外国语言文化与国际交流学院,4.74,50,9.71,48,18.8,跨专业,0,0.0,0.0,https://chalaoshi.de/t/1828/
跨专业低风险,63.2,儿少卫生学,周旭东,医学院,4.62,310,8.88,15,20.0,跨专业,2,0.0,0.0,https://chalaoshi.de/t/2038/
跨专业低风险,63.2,游泳（中级班）,金雷,公共体育与艺术部,4.62,196,9.9,151,85.4,跨专业,0,0.0,0.0,https://chalaoshi.de/t/1776/
跨专业低风险,63.2,游泳（中级）,金雷,公共体育与艺术部,4.61,212,9.9,151,85.4,跨专业,0,0.0,0.0,https://chalaoshi.de/t/1776/
跨专业低风险,63.2,法语国家与地区研究,张芳,外国语言文化与国际交流学院,4.54,97,9.81,74,54.1,跨专业,0,5.0,1.2,https://chalaoshi.de/t/4804/
跨专业低风险,63.2,英美文学赏析,陈艳华,外国语言文化与国际交流学院,4.45,129,9.88,121,44.6,跨专业,0,0.0,0.0,https://chalaoshi.de/t/793/
跨专业低风险,63.2,大学写作——创意写作,陶然,人文学院,4.32,333,9.74,154,15.6,跨专业,0,0.0,0.0,https://chalaoshi.de/t/1025/
跨专业低风险,63.1,口腔放射科实习,李怡宁,附属口腔医院,4.96,122,,0,,跨专业,2,0.0,0.0,https://chalaoshi.de/t/4665/
跨专业低风险,63.1,电动汽车和混合动力汽车系统,徐德鸿,电气工程学院,4.58,142,3.93,8,12.5,跨专业,0,0.0,0.0,https://chalaoshi.de/t/2238/
跨专业低风险,63.1,思想道德与法治,潘贤林,化学系,4.47,306,9.58,31,35.5,跨专业,0,0.0,0.0,https://chalaoshi.de/t/5162/
跨专业低风险,63.1,哲学导论,徐向东,人文学院,4.45,68,9.48,45,4.4,跨专业,0,0.0,0.0,https://chalaoshi.de/t/3155/
跨专业低风险,63.0,亚里士多德哲学,陈玮,人文学院,4.81,46,9.71,47,27.7,跨专业,0,0.0,0.0,https://chalaoshi.de/t/4644/
跨专业低风险,63.0,汽车工程导论,李道飞,能源工程学院,4.78,93,4.16,55,52.7,跨专业,0,0.0,0.0,https://chalaoshi.de/t/1813/
跨专业低风险,63.0,混合学习研讨班I,张帆,信息与电子工程学院,4.63,135,7.18,17,35.3,跨专业,0,0.0,0.0,https://chalaoshi.de/t/4504/
跨专业低风险,63.0,创业思维与行动,沈睿,计算机科学与技术学院,4.32,97,9.97,440,44.3,跨专业,0,0.0,0.0,https://chalaoshi.de/t/350/
跨专业低风险,63.0,先秦诸子思想,何善蒙,人文学院,4.15,500,9.76,344,11.9,跨专业,0,7.0,2.4,https://chalaoshi.de/t/1509/
跨专业低风险,62.9,口腔正畸科实习,李怡宁,附属口腔医院,4.95,124,,0,,跨专业,2,0.0,0.0,https://chalaoshi.de/t/4665/
跨专业低风险,62.9,艺术体操（女：初级班）,卢芬,公共体育与艺术部,4.67,229,9.68,67,97.0,跨专业,0,0.0,2.0,https://chalaoshi.de/t/2129/
跨专业低风险,62.9,广告策划,郭翀,人文学院,4.67,92,9.42,24,41.7,跨专业,0,0.0,0.0,https://chalaoshi.de/t/1135/
跨专业低风险,62.9,认知实践,戴志潜,航空航天学院,4.66,500,,0,,跨专业,1,0.0,0.0,https://chalaoshi.de/t/1447/
跨专业低风险,62.9,认知实践,王曰海,信息与电子工程学院,4.66,500,3.31,20,45.0,跨专业,1,0.0,0.0,https://chalaoshi.de/t/1521/
跨专业低风险,62.9,混合学习研讨班II,张帆,信息与电子工程学院,4.64,124,7.18,17,35.3,跨专业,0,0.0,0.0,https://chalaoshi.de/t/4504/
跨专业低风险,62.9,技术沟通,翁恺,计算机科学与技术学院,4.56,135,8.92,532,34.0,跨专业,0,0.0,2.0,https://chalaoshi.de/t/936/
跨专业低风险,62.9,创新管理,沈睿,计算机科学与技术学院,4.4,92,9.97,440,44.3,跨专业,0,3.0,0.0,https://chalaoshi.de/t/350/
跨专业低风险,62.9,楚辞研究,傅杰,化学工程与生物工程学院,4.26,221,9.33,43,16.3,跨专业,0,10.0,4.8,https://chalaoshi.de/t/3594/
跨专业低风险,62.8,EE导论,耿光超,电气工程学院,4.67,36,8.99,10,10.0,跨专业,0,0.0,0.0,https://chalaoshi.de/t/5652/
跨专业低风险,62.8,科学与人类价值,徐向东,人文学院,4.58,64,9.48,45,4.4,跨专业,0,0.0,0.0,https://chalaoshi.de/t/3155/
跨专业低风险,62.8,健美（初级班）,金熙佳,公共体育与艺术部,4.5,500,9.5,93,78.5,跨专业,0,0.0,0.0,https://chalaoshi.de/t/2085/
跨专业低风险,62.8,现代西方哲学Ⅱ,王礼平,人文学院,4.44,149,9.85,96,24.0,跨专业,0,0.0,0.0,https://chalaoshi.de/t/128/
跨专业低风险,62.8,打开艺术之门——萨克斯,徐浩,公共体育与艺术部,4.43,480,9.28,42,66.7,跨专业,0,0.0,0.0,https://chalaoshi.de/t/6412/
跨专业低风险,62.8,公共关系学,纪盈如,传媒与国际文化学院,4.4,264,8.02,47,40.4,跨专业,0,5.0,1.2,https://chalaoshi.de/t/6976/
跨专业低风险,62.8,新闻道德与法规,汪凯,传媒与国际文化学院,4.35,248,9.84,90,6.7,跨专业,0,0.0,0.0,https://chalaoshi.de/t/1744/
